warning: not compiled with GPU offload support, --gpu-layers option will be ignored
warning: see main README.md for information on enabling GPU BLAS support
build: 3962 (1f86f058) with Ubuntu clang version 18.1.3 (1ubuntu1) for x86_64-pc-linux-gnu
system info: n_threads = 4, n_threads_batch = 4, total_threads = 4

system_info: n_threads = 4 (n_threads_batch = 4) / 4 | AVX = 1 | AVX_VNNI = 0 | AVX2 = 1 | AVX512 = 0 | AVX512_VBMI = 0 | AVX512_VNNI = 0 | AVX512_BF16 = 0 | FMA = 1 | NEON = 0 | SVE = 0 | ARM_FMA = 0 | F16C = 1 | FP16_VA = 0 | RISCV_VECT = 0 | WASM_SIMD = 0 | BLAS = 0 | SSE3 = 1 | SSSE3 = 1 | VSX = 0 | MATMUL_INT8 = 0 | LLAMAFILE = 1 | 

main: HTTP server is listening, hostname: 127.0.0.1, port: 8080, http threads: 3
main: loading model
llama_model_loader: loaded meta data with 23 key-value pairs and 165 tensors from /home/runner/work/me-/me-/experiments/emily-olivia-society/models/Falcon3-1B-Instruct-1.58bit/ggml-model-i2_s.gguf (version GGUF V3 (latest))
llama_model_loader: Dumping metadata keys/values. Note: KV overrides do not apply in this output.
llama_model_loader: - kv   0:                       general.architecture str              = llama
llama_model_loader: - kv   1:                               general.name str              = Falcon3-1B-Instruct-1.58bit
llama_model_loader: - kv   2:                          llama.block_count u32              = 18
llama_model_loader: - kv   3:                       llama.context_length u32              = 8192
llama_model_loader: - kv   4:                     llama.embedding_length u32              = 2048
llama_model_loader: - kv   5:                  llama.feed_forward_length u32              = 8192
llama_model_loader: - kv   6:                 llama.attention.head_count u32              = 8
llama_model_loader: - kv   7:              llama.attention.head_count_kv u32              = 4
llama_model_loader: - kv   8:                       llama.rope.freq_base f32              = 1000042.000000
llama_model_loader: - kv   9:     llama.attention.layer_norm_rms_epsilon f32              = 0.000001
llama_model_loader: - kv  10:                          general.file_type u32              = 40
llama_model_loader: - kv  11:                           llama.vocab_size u32              = 131072
llama_model_loader: - kv  12:                 llama.rope.dimension_count u32              = 256
llama_model_loader: - kv  13:            tokenizer.ggml.add_space_prefix bool             = false
llama_model_loader: - kv  14:                       tokenizer.ggml.model str              = gpt2
llama_model_loader: - kv  15:                         tokenizer.ggml.pre str              = falcon3
llama_model_loader: - kv  16:                      tokenizer.ggml.tokens arr[str,131072]  = [">>TITLE<<", ">>ABSTRACT<<", ">>INTR...
llama_model_loader: - kv  17:                  tokenizer.ggml.token_type arr[i32,131072]  = [3, 3, 3, 3, 3, 3, 3, 3, 3, 3, 3, 3, ...
llama_model_loader: - kv  18:                      tokenizer.ggml.merges arr[str,128810]  = ["N E", "Ġ Ġ", "Ġ t", "Ġ a", "> >...
llama_model_loader: - kv  19:                tokenizer.ggml.eos_token_id u32              = 11
llama_model_loader: - kv  20:            tokenizer.ggml.padding_token_id u32              = 2023
llama_model_loader: - kv  21:                    tokenizer.chat_template str              = {% if tools %}{% for message in messa...
llama_model_loader: - kv  22:               general.quantization_version u32              = 2
llama_model_loader: - type  f32:   37 tensors
llama_model_loader: - type  f16:    2 tensors
llama_model_loader: - type i2_s:  126 tensors
llm_load_vocab: control token:   1229 '>>UNUSED_1103<<' is not marked as EOG
llm_load_vocab: control token:    705 '>>UNUSED_579<<' is not marked as EOG
llm_load_vocab: control token:    909 '>>UNUSED_783<<' is not marked as EOG
llm_load_vocab: control token:    143 '>>UNUSED_17<<' is not marked as EOG
llm_load_vocab: control token:    630 '>>UNUSED_504<<' is not marked as EOG
llm_load_vocab: control token:   1383 '>>UNUSED_1257<<' is not marked as EOG
llm_load_vocab: control token:   1059 '>>UNUSED_933<<' is not marked as EOG
llm_load_vocab: control token:     84 '>>POS_58<<' is not marked as EOG
llm_load_vocab: control token:   1622 '>>UNUSED_1496<<' is not marked as EOG
llm_load_vocab: control token:   1641 '>>UNUSED_1515<<' is not marked as EOG
llm_load_vocab: control token:    315 '>>UNUSED_189<<' is not marked as EOG
llm_load_vocab: control token:   1521 '>>UNUSED_1395<<' is not marked as EOG
llm_load_vocab: control token:    763 '>>UNUSED_637<<' is not marked as EOG
llm_load_vocab: control token:    723 '>>UNUSED_597<<' is not marked as EOG
llm_load_vocab: control token:   1552 '>>UNUSED_1426<<' is not marked as EOG
llm_load_vocab: control token:   1363 '>>UNUSED_1237<<' is not marked as EOG
llm_load_vocab: control token:    295 '>>UNUSED_169<<' is not marked as EOG
llm_load_vocab: control token:    655 '>>UNUSED_529<<' is not marked as EOG
llm_load_vocab: control token:    674 '>>UNUSED_548<<' is not marked as EOG
llm_load_vocab: control token:   1242 '>>UNUSED_1116<<' is not marked as EOG
llm_load_vocab: control token:   1969 '>>UNUSED_1843<<' is not marked as EOG
llm_load_vocab: control token:    130 '>>UNUSED_4<<' is not marked as EOG
llm_load_vocab: control token:     49 '>>POS_23<<' is not marked as EOG
llm_load_vocab: control token:    445 '>>UNUSED_319<<' is not marked as EOG
llm_load_vocab: control token:   1751 '>>UNUSED_1625<<' is not marked as EOG
llm_load_vocab: control token:   1815 '>>UNUSED_1689<<' is not marked as EOG
llm_load_vocab: control token:   1003 '>>UNUSED_877<<' is not marked as EOG
llm_load_vocab: control token:   1701 '>>UNUSED_1575<<' is not marked as EOG
llm_load_vocab: control token:    376 '>>UNUSED_250<<' is not marked as EOG
llm_load_vocab: control token:   1661 '>>UNUSED_1535<<' is not marked as EOG
llm_load_vocab: control token:   1501 '>>UNUSED_1375<<' is not marked as EOG
llm_load_vocab: control token:    546 '>>UNUSED_420<<' is not marked as EOG
llm_load_vocab: control token:   1801 '>>UNUSED_1675<<' is not marked as EOG
llm_load_vocab: control token:   1397 '>>UNUSED_1271<<' is not marked as EOG
llm_load_vocab: control token:      2 '>>INTRODUCTION<<' is not marked as EOG
llm_load_vocab: control token:    696 '>>UNUSED_570<<' is not marked as EOG
llm_load_vocab: control token:    527 '>>UNUSED_401<<' is not marked as EOG
llm_load_vocab: control token:   1490 '>>UNUSED_1364<<' is not marked as EOG
llm_load_vocab: control token:   1230 '>>UNUSED_1104<<' is not marked as EOG
llm_load_vocab: control token:    828 '>>UNUSED_702<<' is not marked as EOG
llm_load_vocab: control token:    777 '>>UNUSED_651<<' is not marked as EOG
llm_load_vocab: control token:   1412 '>>UNUSED_1286<<' is not marked as EOG
llm_load_vocab: control token:   1073 '>>UNUSED_947<<' is not marked as EOG
llm_load_vocab: control token:    186 '>>UNUSED_60<<' is not marked as EOG
llm_load_vocab: control token:    618 '>>UNUSED_492<<' is not marked as EOG
llm_load_vocab: control token:   1892 '>>UNUSED_1766<<' is not marked as EOG
llm_load_vocab: control token:   1432 '>>UNUSED_1306<<' is not marked as EOG
llm_load_vocab: control token:   1687 '>>UNUSED_1561<<' is not marked as EOG
llm_load_vocab: control token:    966 '>>UNUSED_840<<' is not marked as EOG
llm_load_vocab: control token:    402 '>>UNUSED_276<<' is not marked as EOG
llm_load_vocab: control token:    157 '>>UNUSED_31<<' is not marked as EOG
llm_load_vocab: control token:   1988 '>>UNUSED_1862<<' is not marked as EOG
llm_load_vocab: control token:   1384 '>>UNUSED_1258<<' is not marked as EOG
llm_load_vocab: control token:   1826 '>>UNUSED_1700<<' is not marked as EOG
llm_load_vocab: control token:    811 '>>UNUSED_685<<' is not marked as EOG
llm_load_vocab: control token:    498 '>>UNUSED_372<<' is not marked as EOG
llm_load_vocab: control token:    887 '>>UNUSED_761<<' is not marked as EOG
llm_load_vocab: control token:   1844 '>>UNUSED_1718<<' is not marked as EOG
llm_load_vocab: control token:   1137 '>>UNUSED_1011<<' is not marked as EOG
llm_load_vocab: control token:   1100 '>>UNUSED_974<<' is not marked as EOG
llm_load_vocab: control token:   1663 '>>UNUSED_1537<<' is not marked as EOG
llm_load_vocab: control token:    153 '>>UNUSED_27<<' is not marked as EOG
llm_load_vocab: control token:    220 '>>UNUSED_94<<' is not marked as EOG
llm_load_vocab: control token:      6 '>>QUESTION<<' is not marked as EOG
llm_load_vocab: control token:    205 '>>UNUSED_79<<' is not marked as EOG
llm_load_vocab: control token:    127 '>>UNUSED_1<<' is not marked as EOG
llm_load_vocab: control token:   1607 '>>UNUSED_1481<<' is not marked as EOG
llm_load_vocab: control token:    287 '>>UNUSED_161<<' is not marked as EOG
llm_load_vocab: control token:    537 '>>UNUSED_411<<' is not marked as EOG
llm_load_vocab: control token:   1730 '>>UNUSED_1604<<' is not marked as EOG
llm_load_vocab: control token:   1225 '>>UNUSED_1099<<' is not marked as EOG
llm_load_vocab: control token:   1075 '>>UNUSED_949<<' is not marked as EOG
llm_load_vocab: control token:   1566 '>>UNUSED_1440<<' is not marked as EOG
llm_load_vocab: control token:   1811 '>>UNUSED_1685<<' is not marked as EOG
llm_load_vocab: control token:   1415 '>>UNUSED_1289<<' is not marked as EOG
llm_load_vocab: control token:    165 '>>UNUSED_39<<' is not marked as EOG
llm_load_vocab: control token:    433 '>>UNUSED_307<<' is not marked as EOG
llm_load_vocab: control token:   1539 '>>UNUSED_1413<<' is not marked as EOG
llm_load_vocab: control token:    576 '>>UNUSED_450<<' is not marked as EOG
llm_load_vocab: control token:    857 '>>UNUSED_731<<' is not marked as EOG
llm_load_vocab: control token:   1353 '>>UNUSED_1227<<' is not marked as EOG
llm_load_vocab: control token:    302 '>>UNUSED_176<<' is not marked as EOG
llm_load_vocab: control token:   1745 '>>UNUSED_1619<<' is not marked as EOG
llm_load_vocab: control token:    624 '>>UNUSED_498<<' is not marked as EOG
llm_load_vocab: control token:    333 '>>UNUSED_207<<' is not marked as EOG
llm_load_vocab: control token:   1873 '>>UNUSED_1747<<' is not marked as EOG
llm_load_vocab: control token:    566 '>>UNUSED_440<<' is not marked as EOG
llm_load_vocab: control token:   1670 '>>UNUSED_1544<<' is not marked as EOG
llm_load_vocab: control token:    110 '>>POS_84<<' is not marked as EOG
llm_load_vocab: control token:   1579 '>>UNUSED_1453<<' is not marked as EOG
llm_load_vocab: control token:   1325 '>>UNUSED_1199<<' is not marked as EOG
llm_load_vocab: control token:   1445 '>>UNUSED_1319<<' is not marked as EOG
llm_load_vocab: control token:    855 '>>UNUSED_729<<' is not marked as EOG
llm_load_vocab: control token:    441 '>>UNUSED_315<<' is not marked as EOG
llm_load_vocab: control token:   1362 '>>UNUSED_1236<<' is not marked as EOG
llm_load_vocab: control token:    424 '>>UNUSED_298<<' is not marked as EOG
llm_load_vocab: control token:   1546 '>>UNUSED_1420<<' is not marked as EOG
llm_load_vocab: control token:    658 '>>UNUSED_532<<' is not marked as EOG
llm_load_vocab: control token:   1008 '>>UNUSED_882<<' is not marked as EOG
llm_load_vocab: control token:   1919 '>>UNUSED_1793<<' is not marked as EOG
llm_load_vocab: control token:   1282 '>>UNUSED_1156<<' is not marked as EOG
llm_load_vocab: control token:    411 '>>UNUSED_285<<' is not marked as EOG
llm_load_vocab: control token:    421 '>>UNUSED_295<<' is not marked as EOG
llm_load_vocab: control token:    322 '>>UNUSED_196<<' is not marked as EOG
llm_load_vocab: control token:    951 '>>UNUSED_825<<' is not marked as EOG
llm_load_vocab: control token:   1678 '>>UNUSED_1552<<' is not marked as EOG
llm_load_vocab: control token:   1033 '>>UNUSED_907<<' is not marked as EOG
llm_load_vocab: control token:    611 '>>UNUSED_485<<' is not marked as EOG
llm_load_vocab: control token:    574 '>>UNUSED_448<<' is not marked as EOG
llm_load_vocab: control token:    316 '>>UNUSED_190<<' is not marked as EOG
llm_load_vocab: control token:   1027 '>>UNUSED_901<<' is not marked as EOG
llm_load_vocab: control token:   2009 '>>UNUSED_1883<<' is not marked as EOG
llm_load_vocab: control token:    251 '>>UNUSED_125<<' is not marked as EOG
llm_load_vocab: control token:    942 '>>UNUSED_816<<' is not marked as EOG
llm_load_vocab: control token:   1690 '>>UNUSED_1564<<' is not marked as EOG
llm_load_vocab: control token:   1937 '>>UNUSED_1811<<' is not marked as EOG
llm_load_vocab: control token:    817 '>>UNUSED_691<<' is not marked as EOG
llm_load_vocab: control token:    601 '>>UNUSED_475<<' is not marked as EOG
llm_load_vocab: control token:   1548 '>>UNUSED_1422<<' is not marked as EOG
llm_load_vocab: control token:    252 '>>UNUSED_126<<' is not marked as EOG
llm_load_vocab: control token:     83 '>>POS_57<<' is not marked as EOG
llm_load_vocab: control token:    401 '>>UNUSED_275<<' is not marked as EOG
llm_load_vocab: control token:   1342 '>>UNUSED_1216<<' is not marked as EOG
llm_load_vocab: control token:    714 '>>UNUSED_588<<' is not marked as EOG
llm_load_vocab: control token:    167 '>>UNUSED_41<<' is not marked as EOG
llm_load_vocab: control token:   1590 '>>UNUSED_1464<<' is not marked as EOG
llm_load_vocab: control token:    606 '>>UNUSED_480<<' is not marked as EOG
llm_load_vocab: control token:   1609 '>>UNUSED_1483<<' is not marked as EOG
llm_load_vocab: control token:    497 '>>UNUSED_371<<' is not marked as EOG
llm_load_vocab: control token:    983 '>>UNUSED_857<<' is not marked as EOG
llm_load_vocab: control token:   1727 '>>UNUSED_1601<<' is not marked as EOG
llm_load_vocab: control token:   1830 '>>UNUSED_1704<<' is not marked as EOG
llm_load_vocab: control token:   1915 '>>UNUSED_1789<<' is not marked as EOG
llm_load_vocab: control token:    996 '>>UNUSED_870<<' is not marked as EOG
llm_load_vocab: control token:    660 '>>UNUSED_534<<' is not marked as EOG
llm_load_vocab: control token:   1554 '>>UNUSED_1428<<' is not marked as EOG
llm_load_vocab: control token:   1851 '>>UNUSED_1725<<' is not marked as EOG
llm_load_vocab: control token:   1924 '>>UNUSED_1798<<' is not marked as EOG
llm_load_vocab: control token:    892 '>>UNUSED_766<<' is not marked as EOG
llm_load_vocab: control token:    155 '>>UNUSED_29<<' is not marked as EOG
llm_load_vocab: control token:    235 '>>UNUSED_109<<' is not marked as EOG
llm_load_vocab: control token:    554 '>>UNUSED_428<<' is not marked as EOG
llm_load_vocab: control token:   1495 '>>UNUSED_1369<<' is not marked as EOG
llm_load_vocab: control token:    809 '>>UNUSED_683<<' is not marked as EOG
llm_load_vocab: control token:   1658 '>>UNUSED_1532<<' is not marked as EOG
llm_load_vocab: control token:   1625 '>>UNUSED_1499<<' is not marked as EOG
llm_load_vocab: control token:    116 '>>POS_90<<' is not marked as EOG
llm_load_vocab: control token:   1302 '>>UNUSED_1176<<' is not marked as EOG
llm_load_vocab: control token:   1116 '>>UNUSED_990<<' is not marked as EOG
llm_load_vocab: control token:    263 '>>UNUSED_137<<' is not marked as EOG
llm_load_vocab: control token:   1423 '>>UNUSED_1297<<' is not marked as EOG
llm_load_vocab: control token:    320 '>>UNUSED_194<<' is not marked as EOG
llm_load_vocab: control token:   1292 '>>UNUSED_1166<<' is not marked as EOG
llm_load_vocab: control token:   1977 '>>UNUSED_1851<<' is not marked as EOG
llm_load_vocab: control token:   1748 '>>UNUSED_1622<<' is not marked as EOG
llm_load_vocab: control token:     24 '>>PASSWORD<<' is not marked as EOG
llm_load_vocab: control token:    455 '>>UNUSED_329<<' is not marked as EOG
llm_load_vocab: control token:   1334 '>>UNUSED_1208<<' is not marked as EOG
llm_load_vocab: control token:   1476 '>>UNUSED_1350<<' is not marked as EOG
llm_load_vocab: control token:    473 '>>UNUSED_347<<' is not marked as EOG
llm_load_vocab: control token:    328 '>>UNUSED_202<<' is not marked as EOG
llm_load_vocab: control token:   1497 '>>UNUSED_1371<<' is not marked as EOG
llm_load_vocab: control token:    396 '>>UNUSED_270<<' is not marked as EOG
llm_load_vocab: control token:   1613 '>>UNUSED_1487<<' is not marked as EOG
llm_load_vocab: control token:     41 '>>POS_15<<' is not marked as EOG
llm_load_vocab: control token:   1492 '>>UNUSED_1366<<' is not marked as EOG
llm_load_vocab: control token:    356 '>>UNUSED_230<<' is not marked as EOG
llm_load_vocab: control token:     81 '>>POS_55<<' is not marked as EOG
llm_load_vocab: control token:    729 '>>UNUSED_603<<' is not marked as EOG
llm_load_vocab: control token:   1843 '>>UNUSED_1717<<' is not marked as EOG
llm_load_vocab: control token:    372 '>>UNUSED_246<<' is not marked as EOG
llm_load_vocab: control token:   1479 '>>UNUSED_1353<<' is not marked as EOG
llm_load_vocab: control token:    821 '>>UNUSED_695<<' is not marked as EOG
llm_load_vocab: control token:    461 '>>UNUSED_335<<' is not marked as EOG
llm_load_vocab: control token:   1002 '>>UNUSED_876<<' is not marked as EOG
llm_load_vocab: control token:    883 '>>UNUSED_757<<' is not marked as EOG
llm_load_vocab: control token:   1215 '>>UNUSED_1089<<' is not marked as EOG
llm_load_vocab: control token:   1331 '>>UNUSED_1205<<' is not marked as EOG
llm_load_vocab: control token:    671 '>>UNUSED_545<<' is not marked as EOG
llm_load_vocab: control token:   1585 '>>UNUSED_1459<<' is not marked as EOG
llm_load_vocab: control token:   1356 '>>UNUSED_1230<<' is not marked as EOG
llm_load_vocab: control token:   1761 '>>UNUSED_1635<<' is not marked as EOG
llm_load_vocab: control token:    752 '>>UNUSED_626<<' is not marked as EOG
llm_load_vocab: control token:    373 '>>UNUSED_247<<' is not marked as EOG
llm_load_vocab: control token:    647 '>>UNUSED_521<<' is not marked as EOG
llm_load_vocab: control token:   1547 '>>UNUSED_1421<<' is not marked as EOG
llm_load_vocab: control token:   1179 '>>UNUSED_1053<<' is not marked as EOG
llm_load_vocab: control token:   1515 '>>UNUSED_1389<<' is not marked as EOG
llm_load_vocab: control token:   1627 '>>UNUSED_1501<<' is not marked as EOG
llm_load_vocab: control token:    350 '>>UNUSED_224<<' is not marked as EOG
llm_load_vocab: control token:   1934 '>>UNUSED_1808<<' is not marked as EOG
llm_load_vocab: control token:   1770 '>>UNUSED_1644<<' is not marked as EOG
llm_load_vocab: control token:   1250 '>>UNUSED_1124<<' is not marked as EOG
llm_load_vocab: control token:   2004 '>>UNUSED_1878<<' is not marked as EOG
llm_load_vocab: control token:   1664 '>>UNUSED_1538<<' is not marked as EOG
llm_load_vocab: control token:    814 '>>UNUSED_688<<' is not marked as EOG
llm_load_vocab: control token:    854 '>>UNUSED_728<<' is not marked as EOG
llm_load_vocab: control token:   1454 '>>UNUSED_1328<<' is not marked as EOG
llm_load_vocab: control token:     58 '>>POS_32<<' is not marked as EOG
llm_load_vocab: control token:    627 '>>UNUSED_501<<' is not marked as EOG
llm_load_vocab: control token:    740 '>>UNUSED_614<<' is not marked as EOG
llm_load_vocab: control token:    960 '>>UNUSED_834<<' is not marked as EOG
llm_load_vocab: control token:   1906 '>>UNUSED_1780<<' is not marked as EOG
llm_load_vocab: control token:    213 '>>UNUSED_87<<' is not marked as EOG
llm_load_vocab: control token:   1112 '>>UNUSED_986<<' is not marked as EOG
llm_load_vocab: control token:   1228 '>>UNUSED_1102<<' is not marked as EOG
llm_load_vocab: control token:    548 '>>UNUSED_422<<' is not marked as EOG
llm_load_vocab: control token:   1724 '>>UNUSED_1598<<' is not marked as EOG
llm_load_vocab: control token:   1420 '>>UNUSED_1294<<' is not marked as EOG
llm_load_vocab: control token:   1167 '>>UNUSED_1041<<' is not marked as EOG
llm_load_vocab: control token:    407 '>>UNUSED_281<<' is not marked as EOG
llm_load_vocab: control token:    769 '>>UNUSED_643<<' is not marked as EOG
llm_load_vocab: control token:    605 '>>UNUSED_479<<' is not marked as EOG
llm_load_vocab: control token:    178 '>>UNUSED_52<<' is not marked as EOG
llm_load_vocab: control token:    708 '>>UNUSED_582<<' is not marked as EOG
llm_load_vocab: control token:   1713 '>>UNUSED_1587<<' is not marked as EOG
llm_load_vocab: control token:    713 '>>UNUSED_587<<' is not marked as EOG
llm_load_vocab: control token:   1956 '>>UNUSED_1830<<' is not marked as EOG
llm_load_vocab: control token:    924 '>>UNUSED_798<<' is not marked as EOG
llm_load_vocab: control token:   1616 '>>UNUSED_1490<<' is not marked as EOG
llm_load_vocab: control token:   1527 '>>UNUSED_1401<<' is not marked as EOG
llm_load_vocab: control token:    856 '>>UNUSED_730<<' is not marked as EOG
llm_load_vocab: control token:   1202 '>>UNUSED_1076<<' is not marked as EOG
llm_load_vocab: control token:   1341 '>>UNUSED_1215<<' is not marked as EOG
llm_load_vocab: control token:   1859 '>>UNUSED_1733<<' is not marked as EOG
llm_load_vocab: control token:   1847 '>>UNUSED_1721<<' is not marked as EOG
llm_load_vocab: control token:   1078 '>>UNUSED_952<<' is not marked as EOG
llm_load_vocab: control token:    563 '>>UNUSED_437<<' is not marked as EOG
llm_load_vocab: control token:    181 '>>UNUSED_55<<' is not marked as EOG
llm_load_vocab: control token:   1922 '>>UNUSED_1796<<' is not marked as EOG
llm_load_vocab: control token:    146 '>>UNUSED_20<<' is not marked as EOG
llm_load_vocab: control token:   1642 '>>UNUSED_1516<<' is not marked as EOG
llm_load_vocab: control token:    163 '>>UNUSED_37<<' is not marked as EOG
llm_load_vocab: control token:    773 '>>UNUSED_647<<' is not marked as EOG
llm_load_vocab: control token:    339 '>>UNUSED_213<<' is not marked as EOG
llm_load_vocab: control token:    187 '>>UNUSED_61<<' is not marked as EOG
llm_load_vocab: control token:    628 '>>UNUSED_502<<' is not marked as EOG
llm_load_vocab: control token:    836 '>>UNUSED_710<<' is not marked as EOG
llm_load_vocab: control token:   1346 '>>UNUSED_1220<<' is not marked as EOG
llm_load_vocab: control token:   1186 '>>UNUSED_1060<<' is not marked as EOG
llm_load_vocab: control token:    724 '>>UNUSED_598<<' is not marked as EOG
llm_load_vocab: control token:    874 '>>UNUSED_748<<' is not marked as EOG
llm_load_vocab: control token:    243 '>>UNUSED_117<<' is not marked as EOG
llm_load_vocab: control token:   1067 '>>UNUSED_941<<' is not marked as EOG
llm_load_vocab: control token:   1592 '>>UNUSED_1466<<' is not marked as EOG
llm_load_vocab: control token:   1480 '>>UNUSED_1354<<' is not marked as EOG
llm_load_vocab: control token:   1231 '>>UNUSED_1105<<' is not marked as EOG
llm_load_vocab: control token:     82 '>>POS_56<<' is not marked as EOG
llm_load_vocab: control token:    379 '>>UNUSED_253<<' is not marked as EOG
llm_load_vocab: control token:   1243 '>>UNUSED_1117<<' is not marked as EOG
llm_load_vocab: control token:    511 '>>UNUSED_385<<' is not marked as EOG
llm_load_vocab: control token:   1235 '>>UNUSED_1109<<' is not marked as EOG
llm_load_vocab: control token:    241 '>>UNUSED_115<<' is not marked as EOG
llm_load_vocab: control token:   1992 '>>UNUSED_1866<<' is not marked as EOG
llm_load_vocab: control token:   1018 '>>UNUSED_892<<' is not marked as EOG
llm_load_vocab: control token:   1113 '>>UNUSED_987<<' is not marked as EOG
llm_load_vocab: control token:    244 '>>UNUSED_118<<' is not marked as EOG
llm_load_vocab: control token:   1047 '>>UNUSED_921<<' is not marked as EOG
llm_load_vocab: control token:    879 '>>UNUSED_753<<' is not marked as EOG
llm_load_vocab: control token:   1596 '>>UNUSED_1470<<' is not marked as EOG
llm_load_vocab: control token:   1286 '>>UNUSED_1160<<' is not marked as EOG
llm_load_vocab: control token:    728 '>>UNUSED_602<<' is not marked as EOG
llm_load_vocab: control token:   1062 '>>UNUSED_936<<' is not marked as EOG
llm_load_vocab: control token:    944 '>>UNUSED_818<<' is not marked as EOG
llm_load_vocab: control token:    145 '>>UNUSED_19<<' is not marked as EOG
llm_load_vocab: control token:   1484 '>>UNUSED_1358<<' is not marked as EOG
llm_load_vocab: control token:     72 '>>POS_46<<' is not marked as EOG
llm_load_vocab: control token:    112 '>>POS_86<<' is not marked as EOG
llm_load_vocab: control token:   1288 '>>UNUSED_1162<<' is not marked as EOG
llm_load_vocab: control token:   1366 '>>UNUSED_1240<<' is not marked as EOG
llm_load_vocab: control token:    760 '>>UNUSED_634<<' is not marked as EOG
llm_load_vocab: control token:   1251 '>>UNUSED_1125<<' is not marked as EOG
llm_load_vocab: control token:    180 '>>UNUSED_54<<' is not marked as EOG
llm_load_vocab: control token:   1205 '>>UNUSED_1079<<' is not marked as EOG
llm_load_vocab: control token:   1360 '>>UNUSED_1234<<' is not marked as EOG
llm_load_vocab: control token:   1005 '>>UNUSED_879<<' is not marked as EOG
llm_load_vocab: control token:    679 '>>UNUSED_553<<' is not marked as EOG
llm_load_vocab: control token:     15 '>>IP_ADDRESS_1<<' is not marked as EOG
llm_load_vocab: control token:    519 '>>UNUSED_393<<' is not marked as EOG
llm_load_vocab: control token:   1488 '>>UNUSED_1362<<' is not marked as EOG
llm_load_vocab: control token:    955 '>>UNUSED_829<<' is not marked as EOG
llm_load_vocab: control token:   1138 '>>UNUSED_1012<<' is not marked as EOG
llm_load_vocab: control token:   1570 '>>UNUSED_1444<<' is not marked as EOG
llm_load_vocab: control token:    580 '>>UNUSED_454<<' is not marked as EOG
llm_load_vocab: control token:    409 '>>UNUSED_283<<' is not marked as EOG
llm_load_vocab: control token:    466 '>>UNUSED_340<<' is not marked as EOG
llm_load_vocab: control token:   2001 '>>UNUSED_1875<<' is not marked as EOG
llm_load_vocab: control token:    425 '>>UNUSED_299<<' is not marked as EOG
llm_load_vocab: control token:    100 '>>POS_74<<' is not marked as EOG
llm_load_vocab: control token:   1486 '>>UNUSED_1360<<' is not marked as EOG
llm_load_vocab: control token:   1632 '>>UNUSED_1506<<' is not marked as EOG
llm_load_vocab: control token:    719 '>>UNUSED_593<<' is not marked as EOG
llm_load_vocab: control token:    138 '>>UNUSED_12<<' is not marked as EOG
llm_load_vocab: control token:    177 '>>UNUSED_51<<' is not marked as EOG
llm_load_vocab: control token:   1417 '>>UNUSED_1291<<' is not marked as EOG
llm_load_vocab: control token:   1011 '>>UNUSED_885<<' is not marked as EOG
llm_load_vocab: control token:   1575 '>>UNUSED_1449<<' is not marked as EOG
llm_load_vocab: control token:    266 '>>UNUSED_140<<' is not marked as EOG
llm_load_vocab: control token:    959 '>>UNUSED_833<<' is not marked as EOG
llm_load_vocab: control token:    371 '>>UNUSED_245<<' is not marked as EOG
llm_load_vocab: control token:   1373 '>>UNUSED_1247<<' is not marked as EOG
llm_load_vocab: control token:   1805 '>>UNUSED_1679<<' is not marked as EOG
llm_load_vocab: control token:   1558 '>>UNUSED_1432<<' is not marked as EOG
llm_load_vocab: control token:    646 '>>UNUSED_520<<' is not marked as EOG
llm_load_vocab: control token:   1615 '>>UNUSED_1489<<' is not marked as EOG
llm_load_vocab: control token:     17 '>>IP_ADDRESS_3<<' is not marked as EOG
llm_load_vocab: control token:    366 '>>UNUSED_240<<' is not marked as EOG
llm_load_vocab: control token:   1874 '>>UNUSED_1748<<' is not marked as EOG
llm_load_vocab: control token:   1828 '>>UNUSED_1702<<' is not marked as EOG
llm_load_vocab: control token:   1743 '>>UNUSED_1617<<' is not marked as EOG
llm_load_vocab: control token:   1106 '>>UNUSED_980<<' is not marked as EOG
llm_load_vocab: control token:   1574 '>>UNUSED_1448<<' is not marked as EOG
llm_load_vocab: control token:     32 '>>POS_6<<' is not marked as EOG
llm_load_vocab: control token:   1430 '>>UNUSED_1304<<' is not marked as EOG
llm_load_vocab: control token:    101 '>>POS_75<<' is not marked as EOG
llm_load_vocab: control token:   1512 '>>UNUSED_1386<<' is not marked as EOG
llm_load_vocab: control token:    233 '>>UNUSED_107<<' is not marked as EOG
llm_load_vocab: control token:   1297 '>>UNUSED_1171<<' is not marked as EOG
llm_load_vocab: control token:   1312 '>>UNUSED_1186<<' is not marked as EOG
llm_load_vocab: control token:   1636 '>>UNUSED_1510<<' is not marked as EOG
llm_load_vocab: control token:     10 '<|startoftext|>' is not marked as EOG
llm_load_vocab: control token:    952 '>>UNUSED_826<<' is not marked as EOG
llm_load_vocab: control token:    912 '>>UNUSED_786<<' is not marked as EOG
llm_load_vocab: control token:    680 '>>UNUSED_554<<' is not marked as EOG
llm_load_vocab: control token:    246 '>>UNUSED_120<<' is not marked as EOG
llm_load_vocab: control token:    581 '>>UNUSED_455<<' is not marked as EOG
llm_load_vocab: control token:   1404 '>>UNUSED_1278<<' is not marked as EOG
llm_load_vocab: control token:    171 '>>UNUSED_45<<' is not marked as EOG
llm_load_vocab: control token:   1257 '>>UNUSED_1131<<' is not marked as EOG
llm_load_vocab: control token:   1271 '>>UNUSED_1145<<' is not marked as EOG
llm_load_vocab: control token:   1516 '>>UNUSED_1390<<' is not marked as EOG
llm_load_vocab: control token:    688 '>>UNUSED_562<<' is not marked as EOG
llm_load_vocab: control token:   1758 '>>UNUSED_1632<<' is not marked as EOG
llm_load_vocab: control token:    217 '>>UNUSED_91<<' is not marked as EOG
llm_load_vocab: control token:    731 '>>UNUSED_605<<' is not marked as EOG
llm_load_vocab: control token:    922 '>>UNUSED_796<<' is not marked as EOG
llm_load_vocab: control token:   1457 '>>UNUSED_1331<<' is not marked as EOG
llm_load_vocab: control token:    830 '>>UNUSED_704<<' is not marked as EOG
llm_load_vocab: control token:    303 '>>UNUSED_177<<' is not marked as EOG
llm_load_vocab: control token:    254 '>>UNUSED_128<<' is not marked as EOG
llm_load_vocab: control token:    971 '>>UNUSED_845<<' is not marked as EOG
llm_load_vocab: control token:   1920 '>>UNUSED_1794<<' is not marked as EOG
llm_load_vocab: control token:   1184 '>>UNUSED_1058<<' is not marked as EOG
llm_load_vocab: control token:    438 '>>UNUSED_312<<' is not marked as EOG
llm_load_vocab: control token:   1426 '>>UNUSED_1300<<' is not marked as EOG
llm_load_vocab: control token:    191 '>>UNUSED_65<<' is not marked as EOG
llm_load_vocab: control token:   1191 '>>UNUSED_1065<<' is not marked as EOG
llm_load_vocab: control token:    980 '>>UNUSED_854<<' is not marked as EOG
llm_load_vocab: control token:   1108 '>>UNUSED_982<<' is not marked as EOG
llm_load_vocab: control token:    444 '>>UNUSED_318<<' is not marked as EOG
llm_load_vocab: control token:   1028 '>>UNUSED_902<<' is not marked as EOG
llm_load_vocab: control token:   1789 '>>UNUSED_1663<<' is not marked as EOG
llm_load_vocab: control token:   1095 '>>UNUSED_969<<' is not marked as EOG
llm_load_vocab: control token:   1421 '>>UNUSED_1295<<' is not marked as EOG
llm_load_vocab: control token:   1651 '>>UNUSED_1525<<' is not marked as EOG
llm_load_vocab: control token:   1784 '>>UNUSED_1658<<' is not marked as EOG
llm_load_vocab: control token:   1459 '>>UNUSED_1333<<' is not marked as EOG
llm_load_vocab: control token:   1190 '>>UNUSED_1064<<' is not marked as EOG
llm_load_vocab: control token:     90 '>>POS_64<<' is not marked as EOG
llm_load_vocab: control token:    702 '>>UNUSED_576<<' is not marked as EOG
llm_load_vocab: control token:   1077 '>>UNUSED_951<<' is not marked as EOG
llm_load_vocab: control token:   1939 '>>UNUSED_1813<<' is not marked as EOG
llm_load_vocab: control token:   1565 '>>UNUSED_1439<<' is not marked as EOG
llm_load_vocab: control token:   1422 '>>UNUSED_1296<<' is not marked as EOG
llm_load_vocab: control token:   1085 '>>UNUSED_959<<' is not marked as EOG
llm_load_vocab: control token:    434 '>>UNUSED_308<<' is not marked as EOG
llm_load_vocab: control token:    106 '>>POS_80<<' is not marked as EOG
llm_load_vocab: control token:   1477 '>>UNUSED_1351<<' is not marked as EOG
llm_load_vocab: control token:    139 '>>UNUSED_13<<' is not marked as EOG
llm_load_vocab: control token:   1954 '>>UNUSED_1828<<' is not marked as EOG
llm_load_vocab: control token:   1941 '>>UNUSED_1815<<' is not marked as EOG
llm_load_vocab: control token:   1619 '>>UNUSED_1493<<' is not marked as EOG
llm_load_vocab: control token:    275 '>>UNUSED_149<<' is not marked as EOG
llm_load_vocab: control token:   1943 '>>UNUSED_1817<<' is not marked as EOG
llm_load_vocab: control token:    390 '>>UNUSED_264<<' is not marked as EOG
llm_load_vocab: control token:    361 '>>UNUSED_235<<' is not marked as EOG
llm_load_vocab: control token:    932 '>>UNUSED_806<<' is not marked as EOG
llm_load_vocab: control token:    730 '>>UNUSED_604<<' is not marked as EOG
llm_load_vocab: control token:   1982 '>>UNUSED_1856<<' is not marked as EOG
llm_load_vocab: control token:    343 '>>UNUSED_217<<' is not marked as EOG
llm_load_vocab: control token:    755 '>>UNUSED_629<<' is not marked as EOG
llm_load_vocab: control token:    982 '>>UNUSED_856<<' is not marked as EOG
llm_load_vocab: control token:    902 '>>UNUSED_776<<' is not marked as EOG
llm_load_vocab: control token:    161 '>>UNUSED_35<<' is not marked as EOG
llm_load_vocab: control token:   1402 '>>UNUSED_1276<<' is not marked as EOG
llm_load_vocab: control token:   1528 '>>UNUSED_1402<<' is not marked as EOG
llm_load_vocab: control token:   1656 '>>UNUSED_1530<<' is not marked as EOG
llm_load_vocab: control token:    560 '>>UNUSED_434<<' is not marked as EOG
llm_load_vocab: control token:   1772 '>>UNUSED_1646<<' is not marked as EOG
llm_load_vocab: control token:   1054 '>>UNUSED_928<<' is not marked as EOG
llm_load_vocab: control token:    463 '>>UNUSED_337<<' is not marked as EOG
llm_load_vocab: control token:    200 '>>UNUSED_74<<' is not marked as EOG
llm_load_vocab: control token:    784 '>>UNUSED_658<<' is not marked as EOG
llm_load_vocab: control token:     68 '>>POS_42<<' is not marked as EOG
llm_load_vocab: control token:    314 '>>UNUSED_188<<' is not marked as EOG
llm_load_vocab: control token:   1974 '>>UNUSED_1848<<' is not marked as EOG
llm_load_vocab: control token:    521 '>>UNUSED_395<<' is not marked as EOG
llm_load_vocab: control token:   1393 '>>UNUSED_1267<<' is not marked as EOG
llm_load_vocab: control token:    301 '>>UNUSED_175<<' is not marked as EOG
llm_load_vocab: control token:    279 '>>UNUSED_153<<' is not marked as EOG
llm_load_vocab: control token:   1510 '>>UNUSED_1384<<' is not marked as EOG
llm_load_vocab: control token:    477 '>>UNUSED_351<<' is not marked as EOG
llm_load_vocab: control token:    771 '>>UNUSED_645<<' is not marked as EOG
llm_load_vocab: control token:    746 '>>UNUSED_620<<' is not marked as EOG
llm_load_vocab: control token:     98 '>>POS_72<<' is not marked as EOG
llm_load_vocab: control token:    169 '>>UNUSED_43<<' is not marked as EOG
llm_load_vocab: control token:   1499 '>>UNUSED_1373<<' is not marked as EOG
llm_load_vocab: control token:   1544 '>>UNUSED_1418<<' is not marked as EOG
llm_load_vocab: control token:     63 '>>POS_37<<' is not marked as EOG
llm_load_vocab: control token:   1171 '>>UNUSED_1045<<' is not marked as EOG
llm_load_vocab: control token:    419 '>>UNUSED_293<<' is not marked as EOG
llm_load_vocab: control token:    141 '>>UNUSED_15<<' is not marked as EOG
llm_load_vocab: control token:    978 '>>UNUSED_852<<' is not marked as EOG
llm_load_vocab: control token:   1091 '>>UNUSED_965<<' is not marked as EOG
llm_load_vocab: control token:   1794 '>>UNUSED_1668<<' is not marked as EOG
llm_load_vocab: control token:    701 '>>UNUSED_575<<' is not marked as EOG
llm_load_vocab: control token:   1442 '>>UNUSED_1316<<' is not marked as EOG
llm_load_vocab: control token:     60 '>>POS_34<<' is not marked as EOG
llm_load_vocab: control token:    355 '>>UNUSED_229<<' is not marked as EOG
llm_load_vocab: control token:   1791 '>>UNUSED_1665<<' is not marked as EOG
llm_load_vocab: control token:   1904 '>>UNUSED_1778<<' is not marked as EOG
llm_load_vocab: control token:     65 '>>POS_39<<' is not marked as EOG
llm_load_vocab: control token:    518 '>>UNUSED_392<<' is not marked as EOG
llm_load_vocab: control token:   2010 '>>UNUSED_1884<<' is not marked as EOG
llm_load_vocab: control token:     88 '>>POS_62<<' is not marked as EOG
llm_load_vocab: control token:    943 '>>UNUSED_817<<' is not marked as EOG
llm_load_vocab: control token:   1403 '>>UNUSED_1277<<' is not marked as EOG
llm_load_vocab: control token:     51 '>>POS_25<<' is not marked as EOG
llm_load_vocab: control token:     26 '>>POS_0<<' is not marked as EOG
llm_load_vocab: control token:    851 '>>UNUSED_725<<' is not marked as EOG
llm_load_vocab: control token:    999 '>>UNUSED_873<<' is not marked as EOG
llm_load_vocab: control token:   1571 '>>UNUSED_1445<<' is not marked as EOG
llm_load_vocab: control token:   1056 '>>UNUSED_930<<' is not marked as EOG
llm_load_vocab: control token:   1226 '>>UNUSED_1100<<' is not marked as EOG
llm_load_vocab: control token:   1511 '>>UNUSED_1385<<' is not marked as EOG
llm_load_vocab: control token:   1214 '>>UNUSED_1088<<' is not marked as EOG
llm_load_vocab: control token:   1838 '>>UNUSED_1712<<' is not marked as EOG
llm_load_vocab: control token:     62 '>>POS_36<<' is not marked as EOG
llm_load_vocab: control token:    749 '>>UNUSED_623<<' is not marked as EOG
llm_load_vocab: control token:    923 '>>UNUSED_797<<' is not marked as EOG
llm_load_vocab: control token:    615 '>>UNUSED_489<<' is not marked as EOG
llm_load_vocab: control token:    384 '>>UNUSED_258<<' is not marked as EOG
llm_load_vocab: control token:    920 '>>UNUSED_794<<' is not marked as EOG
llm_load_vocab: control token:   1523 '>>UNUSED_1397<<' is not marked as EOG
llm_load_vocab: control token:   1771 '>>UNUSED_1645<<' is not marked as EOG
llm_load_vocab: control token:    219 '>>UNUSED_93<<' is not marked as EOG
llm_load_vocab: control token:   1671 '>>UNUSED_1545<<' is not marked as EOG
llm_load_vocab: control token:    575 '>>UNUSED_449<<' is not marked as EOG
llm_load_vocab: control token:   1296 '>>UNUSED_1170<<' is not marked as EOG
llm_load_vocab: control token:    638 '>>UNUSED_512<<' is not marked as EOG
llm_load_vocab: control token:    324 '>>UNUSED_198<<' is not marked as EOG
llm_load_vocab: control token:   2019 '>>UNUSED_1893<<' is not marked as EOG
llm_load_vocab: control token:    594 '>>UNUSED_468<<' is not marked as EOG
llm_load_vocab: control token:   2011 '>>UNUSED_1885<<' is not marked as EOG
llm_load_vocab: control token:   2000 '>>UNUSED_1874<<' is not marked as EOG
llm_load_vocab: control token:   1198 '>>UNUSED_1072<<' is not marked as EOG
llm_load_vocab: control token:   1996 '>>UNUSED_1870<<' is not marked as EOG
llm_load_vocab: control token:   1989 '>>UNUSED_1863<<' is not marked as EOG
llm_load_vocab: control token:    151 '>>UNUSED_25<<' is not marked as EOG
llm_load_vocab: control token:    206 '>>UNUSED_80<<' is not marked as EOG
llm_load_vocab: control token:   1962 '>>UNUSED_1836<<' is not marked as EOG
llm_load_vocab: control token:   1129 '>>UNUSED_1003<<' is not marked as EOG
llm_load_vocab: control token:   1957 '>>UNUSED_1831<<' is not marked as EOG
llm_load_vocab: control token:   1938 '>>UNUSED_1812<<' is not marked as EOG
llm_load_vocab: control token:    834 '>>UNUSED_708<<' is not marked as EOG
llm_load_vocab: control token:   1945 '>>UNUSED_1819<<' is not marked as EOG
llm_load_vocab: control token:   1852 '>>UNUSED_1726<<' is not marked as EOG
llm_load_vocab: control token:   1936 '>>UNUSED_1810<<' is not marked as EOG
llm_load_vocab: control token:   2005 '>>UNUSED_1879<<' is not marked as EOG
llm_load_vocab: control token:    494 '>>UNUSED_368<<' is not marked as EOG
llm_load_vocab: control token:   1932 '>>UNUSED_1806<<' is not marked as EOG
llm_load_vocab: control token:   1458 '>>UNUSED_1332<<' is not marked as EOG
llm_load_vocab: control token:    715 '>>UNUSED_589<<' is not marked as EOG
llm_load_vocab: control token:   1216 '>>UNUSED_1090<<' is not marked as EOG
llm_load_vocab: control token:   1601 '>>UNUSED_1475<<' is not marked as EOG
llm_load_vocab: control token:   1901 '>>UNUSED_1775<<' is not marked as EOG
llm_load_vocab: control token:   1895 '>>UNUSED_1769<<' is not marked as EOG
llm_load_vocab: control token:   1893 '>>UNUSED_1767<<' is not marked as EOG
llm_load_vocab: control token:    718 '>>UNUSED_592<<' is not marked as EOG
llm_load_vocab: control token:   1884 '>>UNUSED_1758<<' is not marked as EOG
llm_load_vocab: control token:   1871 '>>UNUSED_1745<<' is not marked as EOG
llm_load_vocab: control token:    478 '>>UNUSED_352<<' is not marked as EOG
llm_load_vocab: control token:    120 '>>POS_94<<' is not marked as EOG
llm_load_vocab: control token:    596 '>>UNUSED_470<<' is not marked as EOG
llm_load_vocab: control token:   1861 '>>UNUSED_1735<<' is not marked as EOG
llm_load_vocab: control token:    107 '>>POS_81<<' is not marked as EOG
llm_load_vocab: control token:    306 '>>UNUSED_180<<' is not marked as EOG
llm_load_vocab: control token:   1856 '>>UNUSED_1730<<' is not marked as EOG
llm_load_vocab: control token:   1854 '>>UNUSED_1728<<' is not marked as EOG
llm_load_vocab: control token:    469 '>>UNUSED_343<<' is not marked as EOG
llm_load_vocab: control token:   1958 '>>UNUSED_1832<<' is not marked as EOG
llm_load_vocab: control token:     91 '>>POS_65<<' is not marked as EOG
llm_load_vocab: control token:   1281 '>>UNUSED_1155<<' is not marked as EOG
llm_load_vocab: control token:   1239 '>>UNUSED_1113<<' is not marked as EOG
llm_load_vocab: control token:   1961 '>>UNUSED_1835<<' is not marked as EOG
llm_load_vocab: control token:   1836 '>>UNUSED_1710<<' is not marked as EOG
llm_load_vocab: control token:   1827 '>>UNUSED_1701<<' is not marked as EOG
llm_load_vocab: control token:   1834 '>>UNUSED_1708<<' is not marked as EOG
llm_load_vocab: control token:   1822 '>>UNUSED_1696<<' is not marked as EOG
llm_load_vocab: control token:   1820 '>>UNUSED_1694<<' is not marked as EOG
llm_load_vocab: control token:   1268 '>>UNUSED_1142<<' is not marked as EOG
llm_load_vocab: control token:    689 '>>UNUSED_563<<' is not marked as EOG
llm_load_vocab: control token:    612 '>>UNUSED_486<<' is not marked as EOG
llm_load_vocab: control token:   1612 '>>UNUSED_1486<<' is not marked as EOG
llm_load_vocab: control token:   1814 '>>UNUSED_1688<<' is not marked as EOG
llm_load_vocab: control token:   1807 '>>UNUSED_1681<<' is not marked as EOG
llm_load_vocab: control token:   1354 '>>UNUSED_1228<<' is not marked as EOG
llm_load_vocab: control token:   1787 '>>UNUSED_1661<<' is not marked as EOG
llm_load_vocab: control token:    823 '>>UNUSED_697<<' is not marked as EOG
llm_load_vocab: control token:   1869 '>>UNUSED_1743<<' is not marked as EOG
llm_load_vocab: control token:   1783 '>>UNUSED_1657<<' is not marked as EOG
llm_load_vocab: control token:   1398 '>>UNUSED_1272<<' is not marked as EOG
llm_load_vocab: control token:   1774 '>>UNUSED_1648<<' is not marked as EOG
llm_load_vocab: control token:   1542 '>>UNUSED_1416<<' is not marked as EOG
llm_load_vocab: control token:   1769 '>>UNUSED_1643<<' is not marked as EOG
llm_load_vocab: control token:   1763 '>>UNUSED_1637<<' is not marked as EOG
llm_load_vocab: control token:   1241 '>>UNUSED_1115<<' is not marked as EOG
llm_load_vocab: control token:    454 '>>UNUSED_328<<' is not marked as EOG
llm_load_vocab: control token:    786 '>>UNUSED_660<<' is not marked as EOG
llm_load_vocab: control token:   1489 '>>UNUSED_1363<<' is not marked as EOG
llm_load_vocab: control token:   1756 '>>UNUSED_1630<<' is not marked as EOG
llm_load_vocab: control token:   1300 '>>UNUSED_1174<<' is not marked as EOG
llm_load_vocab: control token:   1746 '>>UNUSED_1620<<' is not marked as EOG
llm_load_vocab: control token:   1741 '>>UNUSED_1615<<' is not marked as EOG
llm_load_vocab: control token:   1736 '>>UNUSED_1610<<' is not marked as EOG
llm_load_vocab: control token:   1735 '>>UNUSED_1609<<' is not marked as EOG
llm_load_vocab: control token:   1734 '>>UNUSED_1608<<' is not marked as EOG
llm_load_vocab: control token:   1714 '>>UNUSED_1588<<' is not marked as EOG
llm_load_vocab: control token:   1153 '>>UNUSED_1027<<' is not marked as EOG
llm_load_vocab: control token:    273 '>>UNUSED_147<<' is not marked as EOG
llm_load_vocab: control token:   1705 '>>UNUSED_1579<<' is not marked as EOG
llm_load_vocab: control token:    430 '>>UNUSED_304<<' is not marked as EOG
llm_load_vocab: control token:   1704 '>>UNUSED_1578<<' is not marked as EOG
llm_load_vocab: control token:   1703 '>>UNUSED_1577<<' is not marked as EOG
llm_load_vocab: control token:   1754 '>>UNUSED_1628<<' is not marked as EOG
llm_load_vocab: control token:   1699 '>>UNUSED_1573<<' is not marked as EOG
llm_load_vocab: control token:   1696 '>>UNUSED_1570<<' is not marked as EOG
llm_load_vocab: control token:   1689 '>>UNUSED_1563<<' is not marked as EOG
llm_load_vocab: control token:   1545 '>>UNUSED_1419<<' is not marked as EOG
llm_load_vocab: control token:   1685 '>>UNUSED_1559<<' is not marked as EOG
llm_load_vocab: control token:   1606 '>>UNUSED_1480<<' is not marked as EOG
llm_load_vocab: control token:    234 '>>UNUSED_108<<' is not marked as EOG
llm_load_vocab: control token:   1673 '>>UNUSED_1547<<' is not marked as EOG
llm_load_vocab: control token:   1410 '>>UNUSED_1284<<' is not marked as EOG
llm_load_vocab: control token:   1159 '>>UNUSED_1033<<' is not marked as EOG
llm_load_vocab: control token:   1657 '>>UNUSED_1531<<' is not marked as EOG
llm_load_vocab: control token:   1650 '>>UNUSED_1524<<' is not marked as EOG
llm_load_vocab: control token:   1428 '>>UNUSED_1302<<' is not marked as EOG
llm_load_vocab: control token:   1645 '>>UNUSED_1519<<' is not marked as EOG
llm_load_vocab: control token:   1639 '>>UNUSED_1513<<' is not marked as EOG
llm_load_vocab: control token:   1638 '>>UNUSED_1512<<' is not marked as EOG
llm_load_vocab: control token:   1212 '>>UNUSED_1086<<' is not marked as EOG
llm_load_vocab: control token:    738 '>>UNUSED_612<<' is not marked as EOG
llm_load_vocab: control token:   1635 '>>UNUSED_1509<<' is not marked as EOG
llm_load_vocab: control token:    609 '>>UNUSED_483<<' is not marked as EOG
llm_load_vocab: control token:    242 '>>UNUSED_116<<' is not marked as EOG
llm_load_vocab: control token:   1624 '>>UNUSED_1498<<' is not marked as EOG
llm_load_vocab: control token:   1293 '>>UNUSED_1167<<' is not marked as EOG
llm_load_vocab: control token:   1604 '>>UNUSED_1478<<' is not marked as EOG
llm_load_vocab: control token:   1602 '>>UNUSED_1476<<' is not marked as EOG
llm_load_vocab: control token:     39 '>>POS_13<<' is not marked as EOG
llm_load_vocab: control token:   1600 '>>UNUSED_1474<<' is not marked as EOG
llm_load_vocab: control token:   1709 '>>UNUSED_1583<<' is not marked as EOG
llm_load_vocab: control token:   1589 '>>UNUSED_1463<<' is not marked as EOG
llm_load_vocab: control token:   1587 '>>UNUSED_1461<<' is not marked as EOG
llm_load_vocab: control token:   1163 '>>UNUSED_1037<<' is not marked as EOG
llm_load_vocab: control token:   1693 '>>UNUSED_1567<<' is not marked as EOG
llm_load_vocab: control token:   1576 '>>UNUSED_1450<<' is not marked as EOG
llm_load_vocab: control token:   1418 '>>UNUSED_1292<<' is not marked as EOG
llm_load_vocab: control token:   1175 '>>UNUSED_1049<<' is not marked as EOG
llm_load_vocab: control token:   1926 '>>UNUSED_1800<<' is not marked as EOG
llm_load_vocab: control token:   1506 '>>UNUSED_1380<<' is not marked as EOG
llm_load_vocab: control token:   1039 '>>UNUSED_913<<' is not marked as EOG
llm_load_vocab: control token:     86 '>>POS_60<<' is not marked as EOG
llm_load_vocab: control token:   1526 '>>UNUSED_1400<<' is not marked as EOG
llm_load_vocab: control token:    945 '>>UNUSED_819<<' is not marked as EOG
llm_load_vocab: control token:    686 '>>UNUSED_560<<' is not marked as EOG
llm_load_vocab: control token:   1452 '>>UNUSED_1326<<' is not marked as EOG
llm_load_vocab: control token:   1518 '>>UNUSED_1392<<' is not marked as EOG
llm_load_vocab: control token:   1500 '>>UNUSED_1374<<' is not marked as EOG
llm_load_vocab: control token:   1498 '>>UNUSED_1372<<' is not marked as EOG
llm_load_vocab: control token:    296 '>>UNUSED_170<<' is not marked as EOG
llm_load_vocab: control token:   1468 '>>UNUSED_1342<<' is not marked as EOG
llm_load_vocab: control token:   1465 '>>UNUSED_1339<<' is not marked as EOG
llm_load_vocab: control token:   1463 '>>UNUSED_1337<<' is not marked as EOG
llm_load_vocab: control token:    491 '>>UNUSED_365<<' is not marked as EOG
llm_load_vocab: control token:   1460 '>>UNUSED_1334<<' is not marked as EOG
llm_load_vocab: control token:   1451 '>>UNUSED_1325<<' is not marked as EOG
llm_load_vocab: control token:   1698 '>>UNUSED_1572<<' is not marked as EOG
llm_load_vocab: control token:   1000 '>>UNUSED_874<<' is not marked as EOG
llm_load_vocab: control token:   1435 '>>UNUSED_1309<<' is not marked as EOG
llm_load_vocab: control token:    164 '>>UNUSED_38<<' is not marked as EOG
llm_load_vocab: control token:   1433 '>>UNUSED_1307<<' is not marked as EOG
llm_load_vocab: control token:   1960 '>>UNUSED_1834<<' is not marked as EOG
llm_load_vocab: control token:   1431 '>>UNUSED_1305<<' is not marked as EOG
llm_load_vocab: control token:   1481 '>>UNUSED_1355<<' is not marked as EOG
llm_load_vocab: control token:   1991 '>>UNUSED_1865<<' is not marked as EOG
llm_load_vocab: control token:   1416 '>>UNUSED_1290<<' is not marked as EOG
llm_load_vocab: control token:   1582 '>>UNUSED_1456<<' is not marked as EOG
llm_load_vocab: control token:     18 '>>IP_ADDRESS_4<<' is not marked as EOG
llm_load_vocab: control token:   1394 '>>UNUSED_1268<<' is not marked as EOG
llm_load_vocab: control token:   1534 '>>UNUSED_1408<<' is not marked as EOG
llm_load_vocab: control token:    565 '>>UNUSED_439<<' is not marked as EOG
llm_load_vocab: control token:    330 '>>UNUSED_204<<' is not marked as EOG
llm_load_vocab: control token:    218 '>>UNUSED_92<<' is not marked as EOG
llm_load_vocab: control token:   1388 '>>UNUSED_1262<<' is not marked as EOG
llm_load_vocab: control token:   1381 '>>UNUSED_1255<<' is not marked as EOG
llm_load_vocab: control token:   1732 '>>UNUSED_1606<<' is not marked as EOG
llm_load_vocab: control token:   1336 '>>UNUSED_1210<<' is not marked as EOG
llm_load_vocab: control token:   1361 '>>UNUSED_1235<<' is not marked as EOG
llm_load_vocab: control token:    785 '>>UNUSED_659<<' is not marked as EOG
llm_load_vocab: control token:   1708 '>>UNUSED_1582<<' is not marked as EOG
llm_load_vocab: control token:   1372 '>>UNUSED_1246<<' is not marked as EOG
llm_load_vocab: control token:   1753 '>>UNUSED_1627<<' is not marked as EOG
llm_load_vocab: control token:   1369 '>>UNUSED_1243<<' is not marked as EOG
llm_load_vocab: control token:    162 '>>UNUSED_36<<' is not marked as EOG
llm_load_vocab: control token:   1262 '>>UNUSED_1136<<' is not marked as EOG
llm_load_vocab: control token:   1351 '>>UNUSED_1225<<' is not marked as EOG
llm_load_vocab: control token:   1819 '>>UNUSED_1693<<' is not marked as EOG
llm_load_vocab: control token:   1348 '>>UNUSED_1222<<' is not marked as EOG
llm_load_vocab: control token:    868 '>>UNUSED_742<<' is not marked as EOG
llm_load_vocab: control token:   1130 '>>UNUSED_1004<<' is not marked as EOG
llm_load_vocab: control token:   1155 '>>UNUSED_1029<<' is not marked as EOG
llm_load_vocab: control token:   1338 '>>UNUSED_1212<<' is not marked as EOG
llm_load_vocab: control token:   1964 '>>UNUSED_1838<<' is not marked as EOG
llm_load_vocab: control token:   1029 '>>UNUSED_903<<' is not marked as EOG
llm_load_vocab: control token:    858 '>>UNUSED_732<<' is not marked as EOG
llm_load_vocab: control token:   1217 '>>UNUSED_1091<<' is not marked as EOG
llm_load_vocab: control token:   1987 '>>UNUSED_1861<<' is not marked as EOG
llm_load_vocab: control token:   1307 '>>UNUSED_1181<<' is not marked as EOG
llm_load_vocab: control token:   1306 '>>UNUSED_1180<<' is not marked as EOG
llm_load_vocab: control token:   1455 '>>UNUSED_1329<<' is not marked as EOG
llm_load_vocab: control token:    995 '>>UNUSED_869<<' is not marked as EOG
llm_load_vocab: control token:   1009 '>>UNUSED_883<<' is not marked as EOG
llm_load_vocab: control token:   1438 '>>UNUSED_1312<<' is not marked as EOG
llm_load_vocab: control token:    334 '>>UNUSED_208<<' is not marked as EOG
llm_load_vocab: control token:   1400 '>>UNUSED_1274<<' is not marked as EOG
llm_load_vocab: control token:   1677 '>>UNUSED_1551<<' is not marked as EOG
llm_load_vocab: control token:    625 '>>UNUSED_499<<' is not marked as EOG
llm_load_vocab: control token:   1267 '>>UNUSED_1141<<' is not marked as EOG
llm_load_vocab: control token:   1263 '>>UNUSED_1137<<' is not marked as EOG
llm_load_vocab: control token:   1448 '>>UNUSED_1322<<' is not marked as EOG
llm_load_vocab: control token:   1253 '>>UNUSED_1127<<' is not marked as EOG
llm_load_vocab: control token:   1888 '>>UNUSED_1762<<' is not marked as EOG
llm_load_vocab: control token:   1986 '>>UNUSED_1860<<' is not marked as EOG
llm_load_vocab: control token:   1973 '>>UNUSED_1847<<' is not marked as EOG
llm_load_vocab: control token:    349 '>>UNUSED_223<<' is not marked as EOG
llm_load_vocab: control token:   1234 '>>UNUSED_1108<<' is not marked as EOG
llm_load_vocab: control token:   1725 '>>UNUSED_1599<<' is not marked as EOG
llm_load_vocab: control token:    423 '>>UNUSED_297<<' is not marked as EOG
llm_load_vocab: control token:    754 '>>UNUSED_628<<' is not marked as EOG
llm_load_vocab: control token:   1917 '>>UNUSED_1791<<' is not marked as EOG
llm_load_vocab: control token:   1227 '>>UNUSED_1101<<' is not marked as EOG
llm_load_vocab: control token:   1223 '>>UNUSED_1097<<' is not marked as EOG
llm_load_vocab: control token:   1221 '>>UNUSED_1095<<' is not marked as EOG
llm_load_vocab: control token:   1439 '>>UNUSED_1313<<' is not marked as EOG
llm_load_vocab: control token:   1219 '>>UNUSED_1093<<' is not marked as EOG
llm_load_vocab: control token:   1513 '>>UNUSED_1387<<' is not marked as EOG
llm_load_vocab: control token:   1213 '>>UNUSED_1087<<' is not marked as EOG
llm_load_vocab: control token:   1401 '>>UNUSED_1275<<' is not marked as EOG
llm_load_vocab: control token:   1210 '>>UNUSED_1084<<' is not marked as EOG
llm_load_vocab: control token:   1208 '>>UNUSED_1082<<' is not marked as EOG
llm_load_vocab: control token:   1124 '>>UNUSED_998<<' is not marked as EOG
llm_load_vocab: control token:    991 '>>UNUSED_865<<' is not marked as EOG
llm_load_vocab: control token:     69 '>>POS_43<<' is not marked as EOG
llm_load_vocab: control token:   1502 '>>UNUSED_1376<<' is not marked as EOG
llm_load_vocab: control token:   1195 '>>UNUSED_1069<<' is not marked as EOG
llm_load_vocab: control token:   1193 '>>UNUSED_1067<<' is not marked as EOG
llm_load_vocab: control token:   1199 '>>UNUSED_1073<<' is not marked as EOG
llm_load_vocab: control token:   1593 '>>UNUSED_1467<<' is not marked as EOG
llm_load_vocab: control token:   1948 '>>UNUSED_1822<<' is not marked as EOG
llm_load_vocab: control token:   1166 '>>UNUSED_1040<<' is not marked as EOG
llm_load_vocab: control token:    436 '>>UNUSED_310<<' is not marked as EOG
llm_load_vocab: control token:   1344 '>>UNUSED_1218<<' is not marked as EOG
llm_load_vocab: control token:   1160 '>>UNUSED_1034<<' is not marked as EOG
llm_load_vocab: control token:   1058 '>>UNUSED_932<<' is not marked as EOG
llm_load_vocab: control token:   1902 '>>UNUSED_1776<<' is not marked as EOG
llm_load_vocab: control token:   1157 '>>UNUSED_1031<<' is not marked as EOG
llm_load_vocab: control token:    499 '>>UNUSED_373<<' is not marked as EOG
llm_load_vocab: control token:   1156 '>>UNUSED_1030<<' is not marked as EOG
llm_load_vocab: control token:    105 '>>POS_79<<' is not marked as EOG
llm_load_vocab: control token:   1090 '>>UNUSED_964<<' is not marked as EOG
llm_load_vocab: control token:   2013 '>>UNUSED_1887<<' is not marked as EOG
llm_load_vocab: control token:   1144 '>>UNUSED_1018<<' is not marked as EOG
llm_load_vocab: control token:   1142 '>>UNUSED_1016<<' is not marked as EOG
llm_load_vocab: control token:   1507 '>>UNUSED_1381<<' is not marked as EOG
llm_load_vocab: control token:   1136 '>>UNUSED_1010<<' is not marked as EOG
llm_load_vocab: control token:   1817 '>>UNUSED_1691<<' is not marked as EOG
llm_load_vocab: control token:   1133 '>>UNUSED_1007<<' is not marked as EOG
llm_load_vocab: control token:    758 '>>UNUSED_632<<' is not marked as EOG
llm_load_vocab: control token:   1132 '>>UNUSED_1006<<' is not marked as EOG
llm_load_vocab: control token:    114 '>>POS_88<<' is not marked as EOG
llm_load_vocab: control token:    232 '>>UNUSED_106<<' is not marked as EOG
llm_load_vocab: control token:   1127 '>>UNUSED_1001<<' is not marked as EOG
llm_load_vocab: control token:   1759 '>>UNUSED_1633<<' is not marked as EOG
llm_load_vocab: control token:    590 '>>UNUSED_464<<' is not marked as EOG
llm_load_vocab: control token:    645 '>>UNUSED_519<<' is not marked as EOG
llm_load_vocab: control token:   1119 '>>UNUSED_993<<' is not marked as EOG
llm_load_vocab: control token:   1115 '>>UNUSED_989<<' is not marked as EOG
llm_load_vocab: control token:    603 '>>UNUSED_477<<' is not marked as EOG
llm_load_vocab: control token:    634 '>>UNUSED_508<<' is not marked as EOG
llm_load_vocab: control token:    780 '>>UNUSED_654<<' is not marked as EOG
llm_load_vocab: control token:    602 '>>UNUSED_476<<' is not marked as EOG
llm_load_vocab: control token:    532 '>>UNUSED_406<<' is not marked as EOG
llm_load_vocab: control token:   1107 '>>UNUSED_981<<' is not marked as EOG
llm_load_vocab: control token:    513 '>>UNUSED_387<<' is not marked as EOG
llm_load_vocab: control token:    835 '>>UNUSED_709<<' is not marked as EOG
llm_load_vocab: control token:    510 '>>UNUSED_384<<' is not marked as EOG
llm_load_vocab: control token:    816 '>>UNUSED_690<<' is not marked as EOG
llm_load_vocab: control token:   1509 '>>UNUSED_1383<<' is not marked as EOG
llm_load_vocab: control token:   2018 '>>UNUSED_1892<<' is not marked as EOG
llm_load_vocab: control token:      8 '>>EMAIL_ADDRESS<<' is not marked as EOG
llm_load_vocab: control token:    989 '>>UNUSED_863<<' is not marked as EOG
llm_load_vocab: control token:   1879 '>>UNUSED_1753<<' is not marked as EOG
llm_load_vocab: control token:    317 '>>UNUSED_191<<' is not marked as EOG
llm_load_vocab: control token:   1080 '>>UNUSED_954<<' is not marked as EOG
llm_load_vocab: control token:    280 '>>UNUSED_154<<' is not marked as EOG
llm_load_vocab: control token:   1470 '>>UNUSED_1344<<' is not marked as EOG
llm_load_vocab: control token:   1265 '>>UNUSED_1139<<' is not marked as EOG
llm_load_vocab: control token:   1543 '>>UNUSED_1417<<' is not marked as EOG
llm_load_vocab: control token:   1038 '>>UNUSED_912<<' is not marked as EOG
llm_load_vocab: control token:    587 '>>UNUSED_461<<' is not marked as EOG
llm_load_vocab: control token:    550 '>>UNUSED_424<<' is not marked as EOG
llm_load_vocab: control token:    650 '>>UNUSED_524<<' is not marked as EOG
llm_load_vocab: control token:    446 '>>UNUSED_320<<' is not marked as EOG
llm_load_vocab: control token:    939 '>>UNUSED_813<<' is not marked as EOG
llm_load_vocab: control token:     22 '>>IP_ADDRESS_8<<' is not marked as EOG
llm_load_vocab: control token:    964 '>>UNUSED_838<<' is not marked as EOG
llm_load_vocab: control token:    512 '>>UNUSED_386<<' is not marked as EOG
llm_load_vocab: control token:    598 '>>UNUSED_472<<' is not marked as EOG
llm_load_vocab: control token:   1581 '>>UNUSED_1455<<' is not marked as EOG
llm_load_vocab: control token:    794 '>>UNUSED_668<<' is not marked as EOG
llm_load_vocab: control token:    739 '>>UNUSED_613<<' is not marked as EOG
llm_load_vocab: control token:   1339 '>>UNUSED_1213<<' is not marked as EOG
llm_load_vocab: control token:    406 '>>UNUSED_280<<' is not marked as EOG
llm_load_vocab: control token:   1485 '>>UNUSED_1359<<' is not marked as EOG
llm_load_vocab: control token:   1276 '>>UNUSED_1150<<' is not marked as EOG
llm_load_vocab: control token:    389 '>>UNUSED_263<<' is not marked as EOG
llm_load_vocab: control token:   1224 '>>UNUSED_1098<<' is not marked as EOG
llm_load_vocab: control token:    133 '>>UNUSED_7<<' is not marked as EOG
llm_load_vocab: control token:    619 '>>UNUSED_493<<' is not marked as EOG
llm_load_vocab: control token:   1848 '>>UNUSED_1722<<' is not marked as EOG
llm_load_vocab: control token:    725 '>>UNUSED_599<<' is not marked as EOG
llm_load_vocab: control token:    516 '>>UNUSED_390<<' is not marked as EOG
llm_load_vocab: control token:   1752 '>>UNUSED_1626<<' is not marked as EOG
llm_load_vocab: control token:    358 '>>UNUSED_232<<' is not marked as EOG
llm_load_vocab: control token:   1148 '>>UNUSED_1022<<' is not marked as EOG
llm_load_vocab: control token:    872 '>>UNUSED_746<<' is not marked as EOG
llm_load_vocab: control token:    484 '>>UNUSED_358<<' is not marked as EOG
llm_load_vocab: control token:    875 '>>UNUSED_749<<' is not marked as EOG
llm_load_vocab: control token:    870 '>>UNUSED_744<<' is not marked as EOG
llm_load_vocab: control token:    528 '>>UNUSED_402<<' is not marked as EOG
llm_load_vocab: control token:    659 '>>UNUSED_533<<' is not marked as EOG
llm_load_vocab: control token:    344 '>>UNUSED_218<<' is not marked as EOG
llm_load_vocab: control token:   1315 '>>UNUSED_1189<<' is not marked as EOG
llm_load_vocab: control token:    198 '>>UNUSED_72<<' is not marked as EOG
llm_load_vocab: control token:   1855 '>>UNUSED_1729<<' is not marked as EOG
llm_load_vocab: control token:   1737 '>>UNUSED_1611<<' is not marked as EOG
llm_load_vocab: control token:   1290 '>>UNUSED_1164<<' is not marked as EOG
llm_load_vocab: control token:    573 '>>UNUSED_447<<' is not marked as EOG
llm_load_vocab: control token:    843 '>>UNUSED_717<<' is not marked as EOG
llm_load_vocab: control token:    342 '>>UNUSED_216<<' is not marked as EOG
llm_load_vocab: control token:     29 '>>POS_3<<' is not marked as EOG
llm_load_vocab: control token:    321 '>>UNUSED_195<<' is not marked as EOG
llm_load_vocab: control token:    152 '>>UNUSED_26<<' is not marked as EOG
llm_load_vocab: control token:    386 '>>UNUSED_260<<' is not marked as EOG
llm_load_vocab: control token:   1644 '>>UNUSED_1518<<' is not marked as EOG
llm_load_vocab: control token:    172 '>>UNUSED_46<<' is not marked as EOG
llm_load_vocab: control token:   1034 '>>UNUSED_908<<' is not marked as EOG
llm_load_vocab: control token:    458 '>>UNUSED_332<<' is not marked as EOG
llm_load_vocab: control token:    397 '>>UNUSED_271<<' is not marked as EOG
llm_load_vocab: control token:   1408 '>>UNUSED_1282<<' is not marked as EOG
llm_load_vocab: control token:   1323 '>>UNUSED_1197<<' is not marked as EOG
llm_load_vocab: control token:    364 '>>UNUSED_238<<' is not marked as EOG
llm_load_vocab: control token:    972 '>>UNUSED_846<<' is not marked as EOG
llm_load_vocab: control token:    765 '>>UNUSED_639<<' is not marked as EOG
llm_load_vocab: control token:    291 '>>UNUSED_165<<' is not marked as EOG
llm_load_vocab: control token:    703 '>>UNUSED_577<<' is not marked as EOG
llm_load_vocab: control token:    247 '>>UNUSED_121<<' is not marked as EOG
llm_load_vocab: control token:   1328 '>>UNUSED_1202<<' is not marked as EOG
llm_load_vocab: control token:    118 '>>POS_92<<' is not marked as EOG
llm_load_vocab: control token:   1872 '>>UNUSED_1746<<' is not marked as EOG
llm_load_vocab: control token:    552 '>>UNUSED_426<<' is not marked as EOG
llm_load_vocab: control token:    479 '>>UNUSED_353<<' is not marked as EOG
llm_load_vocab: control token:   1967 '>>UNUSED_1841<<' is not marked as EOG
llm_load_vocab: control token:   1729 '>>UNUSED_1603<<' is not marked as EOG
llm_load_vocab: control token:   1374 '>>UNUSED_1248<<' is not marked as EOG
llm_load_vocab: control token:   1778 '>>UNUSED_1652<<' is not marked as EOG
llm_load_vocab: control token:    613 '>>UNUSED_487<<' is not marked as EOG
llm_load_vocab: control token:   1269 '>>UNUSED_1143<<' is not marked as EOG
llm_load_vocab: control token:   1762 '>>UNUSED_1636<<' is not marked as EOG
llm_load_vocab: control token:    954 '>>UNUSED_828<<' is not marked as EOG
llm_load_vocab: control token:   1611 '>>UNUSED_1485<<' is not marked as EOG
llm_load_vocab: control token:    459 '>>UNUSED_333<<' is not marked as EOG
llm_load_vocab: control token:    341 '>>UNUSED_215<<' is not marked as EOG
llm_load_vocab: control token:    276 '>>UNUSED_150<<' is not marked as EOG
llm_load_vocab: control token:    382 '>>UNUSED_256<<' is not marked as EOG
llm_load_vocab: control token:    707 '>>UNUSED_581<<' is not marked as EOG
llm_load_vocab: control token:    393 '>>UNUSED_267<<' is not marked as EOG
llm_load_vocab: control token:   1023 '>>UNUSED_897<<' is not marked as EOG
llm_load_vocab: control token:    271 '>>UNUSED_145<<' is not marked as EOG
llm_load_vocab: control token:    378 '>>UNUSED_252<<' is not marked as EOG
llm_load_vocab: control token:    268 '>>UNUSED_142<<' is not marked as EOG
llm_load_vocab: control token:    860 '>>UNUSED_734<<' is not marked as EOG
llm_load_vocab: control token:    335 '>>UNUSED_209<<' is not marked as EOG
llm_load_vocab: control token:     20 '>>IP_ADDRESS_6<<' is not marked as EOG
llm_load_vocab: control token:    150 '>>UNUSED_24<<' is not marked as EOG
llm_load_vocab: control token:    305 '>>UNUSED_179<<' is not marked as EOG
llm_load_vocab: control token:     50 '>>POS_24<<' is not marked as EOG
llm_load_vocab: control token:   1870 '>>UNUSED_1744<<' is not marked as EOG
llm_load_vocab: control token:   1419 '>>UNUSED_1293<<' is not marked as EOG
llm_load_vocab: control token:    487 '>>UNUSED_361<<' is not marked as EOG
llm_load_vocab: control token:    399 '>>UNUSED_273<<' is not marked as EOG
llm_load_vocab: control token:     35 '>>POS_9<<' is not marked as EOG
llm_load_vocab: control token:    896 '>>UNUSED_770<<' is not marked as EOG
llm_load_vocab: control token:    832 '>>UNUSED_706<<' is not marked as EOG
llm_load_vocab: control token:    704 '>>UNUSED_578<<' is not marked as EOG
llm_load_vocab: control token:   1707 '>>UNUSED_1581<<' is not marked as EOG
llm_load_vocab: control token:   1623 '>>UNUSED_1497<<' is not marked as EOG
llm_load_vocab: control token:   1621 '>>UNUSED_1495<<' is not marked as EOG
llm_load_vocab: control token:    173 '>>UNUSED_47<<' is not marked as EOG
llm_load_vocab: control token:   1975 '>>UNUSED_1849<<' is not marked as EOG
llm_load_vocab: control token:    522 '>>UNUSED_396<<' is not marked as EOG
llm_load_vocab: control token:   1040 '>>UNUSED_914<<' is not marked as EOG
llm_load_vocab: control token:    385 '>>UNUSED_259<<' is not marked as EOG
llm_load_vocab: control token:    712 '>>UNUSED_586<<' is not marked as EOG
llm_load_vocab: control token:     40 '>>POS_14<<' is not marked as EOG
llm_load_vocab: control token:   1467 '>>UNUSED_1341<<' is not marked as EOG
llm_load_vocab: control token:    413 '>>UNUSED_287<<' is not marked as EOG
llm_load_vocab: control token:   1237 '>>UNUSED_1111<<' is not marked as EOG
llm_load_vocab: control token:    557 '>>UNUSED_431<<' is not marked as EOG
llm_load_vocab: control token:    310 '>>UNUSED_184<<' is not marked as EOG
llm_load_vocab: control token:    449 '>>UNUSED_323<<' is not marked as EOG
llm_load_vocab: control token:   1742 '>>UNUSED_1616<<' is not marked as EOG
llm_load_vocab: control token:    504 '>>UNUSED_378<<' is not marked as EOG
llm_load_vocab: control token:    168 '>>UNUSED_42<<' is not marked as EOG
llm_load_vocab: control token:    570 '>>UNUSED_444<<' is not marked as EOG
llm_load_vocab: control token:    822 '>>UNUSED_696<<' is not marked as EOG
llm_load_vocab: control token:   1024 '>>UNUSED_898<<' is not marked as EOG
llm_load_vocab: control token:   1840 '>>UNUSED_1714<<' is not marked as EOG
llm_load_vocab: control token:   1910 '>>UNUSED_1784<<' is not marked as EOG
llm_load_vocab: control token:   1799 '>>UNUSED_1673<<' is not marked as EOG
llm_load_vocab: control token:    453 '>>UNUSED_327<<' is not marked as EOG
llm_load_vocab: control token:    190 '>>UNUSED_64<<' is not marked as EOG
llm_load_vocab: control token:   1792 '>>UNUSED_1666<<' is not marked as EOG
llm_load_vocab: control token:   1808 '>>UNUSED_1682<<' is not marked as EOG
llm_load_vocab: control token:      1 '>>ABSTRACT<<' is not marked as EOG
llm_load_vocab: control token:    443 '>>UNUSED_317<<' is not marked as EOG
llm_load_vocab: control token:    126 '>>UNUSED_0<<' is not marked as EOG
llm_load_vocab: control token:    523 '>>UNUSED_397<<' is not marked as EOG
llm_load_vocab: control token:   1183 '>>UNUSED_1057<<' is not marked as EOG
llm_load_vocab: control token:     92 '>>POS_66<<' is not marked as EOG
llm_load_vocab: control token:   1520 '>>UNUSED_1394<<' is not marked as EOG
llm_load_vocab: control token:   1427 '>>UNUSED_1301<<' is not marked as EOG
llm_load_vocab: control token:    911 '>>UNUSED_785<<' is not marked as EOG
llm_load_vocab: control token:   1767 '>>UNUSED_1641<<' is not marked as EOG
llm_load_vocab: control token:   1245 '>>UNUSED_1119<<' is not marked as EOG
llm_load_vocab: control token:     61 '>>POS_35<<' is not marked as EOG
llm_load_vocab: control token:    347 '>>UNUSED_221<<' is not marked as EOG
llm_load_vocab: control token:   1785 '>>UNUSED_1659<<' is not marked as EOG
llm_load_vocab: control token:    412 '>>UNUSED_286<<' is not marked as EOG
llm_load_vocab: control token:   1446 '>>UNUSED_1320<<' is not marked as EOG
llm_load_vocab: control token:   1733 '>>UNUSED_1607<<' is not marked as EOG
llm_load_vocab: control token:    768 '>>UNUSED_642<<' is not marked as EOG
llm_load_vocab: control token:    800 '>>UNUSED_674<<' is not marked as EOG
llm_load_vocab: control token:   1900 '>>UNUSED_1774<<' is not marked as EOG
llm_load_vocab: control token:    761 '>>UNUSED_635<<' is not marked as EOG
llm_load_vocab: control token:   1595 '>>UNUSED_1469<<' is not marked as EOG
llm_load_vocab: control token:    332 '>>UNUSED_206<<' is not marked as EOG
llm_load_vocab: control token:   1066 '>>UNUSED_940<<' is not marked as EOG
llm_load_vocab: control token:    762 '>>UNUSED_636<<' is not marked as EOG
llm_load_vocab: control token:   1295 '>>UNUSED_1169<<' is not marked as EOG
llm_load_vocab: control token:    119 '>>POS_93<<' is not marked as EOG
llm_load_vocab: control token:     71 '>>POS_45<<' is not marked as EOG
llm_load_vocab: control token:     80 '>>POS_54<<' is not marked as EOG
llm_load_vocab: control token:     97 '>>POS_71<<' is not marked as EOG
llm_load_vocab: control token:    539 '>>UNUSED_413<<' is not marked as EOG
llm_load_vocab: control token:    637 '>>UNUSED_511<<' is not marked as EOG
llm_load_vocab: control token:    309 '>>UNUSED_183<<' is not marked as EOG
llm_load_vocab: control token:   1923 '>>UNUSED_1797<<' is not marked as EOG
llm_load_vocab: control token:   1503 '>>UNUSED_1377<<' is not marked as EOG
llm_load_vocab: control token:   1553 '>>UNUSED_1427<<' is not marked as EOG
llm_load_vocab: control token:    111 '>>POS_85<<' is not marked as EOG
llm_load_vocab: control token:    149 '>>UNUSED_23<<' is not marked as EOG
llm_load_vocab: control token:   1139 '>>UNUSED_1013<<' is not marked as EOG
llm_load_vocab: control token:    337 '>>UNUSED_211<<' is not marked as EOG
llm_load_vocab: control token:    464 '>>UNUSED_338<<' is not marked as EOG
llm_load_vocab: control token:   1569 '>>UNUSED_1443<<' is not marked as EOG
llm_load_vocab: control token:    706 '>>UNUSED_580<<' is not marked as EOG
llm_load_vocab: control token:     59 '>>POS_33<<' is not marked as EOG
llm_load_vocab: control token:   1886 '>>UNUSED_1760<<' is not marked as EOG
llm_load_vocab: control token:    416 '>>UNUSED_290<<' is not marked as EOG
llm_load_vocab: control token:    530 '>>UNUSED_404<<' is not marked as EOG
llm_load_vocab: control token:    125 '>>POS_99<<' is not marked as EOG
llm_load_vocab: control token:   1999 '>>UNUSED_1873<<' is not marked as EOG
llm_load_vocab: control token:   1797 '>>UNUSED_1671<<' is not marked as EOG
llm_load_vocab: control token:    873 '>>UNUSED_747<<' is not marked as EOG
llm_load_vocab: control token:    460 '>>UNUSED_334<<' is not marked as EOG
llm_load_vocab: control token:   1550 '>>UNUSED_1424<<' is not marked as EOG
llm_load_vocab: control token:   1020 '>>UNUSED_894<<' is not marked as EOG
llm_load_vocab: control token:     14 '>>IP_ADDRESS_0<<' is not marked as EOG
llm_load_vocab: control token:    377 '>>UNUSED_251<<' is not marked as EOG
llm_load_vocab: control token:   1561 '>>UNUSED_1435<<' is not marked as EOG
llm_load_vocab: control token:    629 '>>UNUSED_503<<' is not marked as EOG
llm_load_vocab: control token:    941 '>>UNUSED_815<<' is not marked as EOG
llm_load_vocab: control token:    357 '>>UNUSED_231<<' is not marked as EOG
llm_load_vocab: control token:    673 '>>UNUSED_547<<' is not marked as EOG
llm_load_vocab: control token:    558 '>>UNUSED_432<<' is not marked as EOG
llm_load_vocab: control token:    839 '>>UNUSED_713<<' is not marked as EOG
llm_load_vocab: control token:    351 '>>UNUSED_225<<' is not marked as EOG
llm_load_vocab: control token:    507 '>>UNUSED_381<<' is not marked as EOG
llm_load_vocab: control token:   1781 '>>UNUSED_1655<<' is not marked as EOG
llm_load_vocab: control token:    319 '>>UNUSED_193<<' is not marked as EOG
llm_load_vocab: control token:    403 '>>UNUSED_277<<' is not marked as EOG
llm_load_vocab: control token:    778 '>>UNUSED_652<<' is not marked as EOG
llm_load_vocab: control token:     36 '>>POS_10<<' is not marked as EOG
llm_load_vocab: control token:   1918 '>>UNUSED_1792<<' is not marked as EOG
llm_load_vocab: control token:     19 '>>IP_ADDRESS_5<<' is not marked as EOG
llm_load_vocab: control token:    216 '>>UNUSED_90<<' is not marked as EOG
llm_load_vocab: control token:   1440 '>>UNUSED_1314<<' is not marked as EOG
llm_load_vocab: control token:   1407 '>>UNUSED_1281<<' is not marked as EOG
llm_load_vocab: control token:    848 '>>UNUSED_722<<' is not marked as EOG
llm_load_vocab: control token:   1444 '>>UNUSED_1318<<' is not marked as EOG
llm_load_vocab: control token:   1037 '>>UNUSED_911<<' is not marked as EOG
llm_load_vocab: control token:   1706 '>>UNUSED_1580<<' is not marked as EOG
llm_load_vocab: control token:   1079 '>>UNUSED_953<<' is not marked as EOG
llm_load_vocab: control token:      7 '>>DOMAIN<<' is not marked as EOG
llm_load_vocab: control token:    608 '>>UNUSED_482<<' is not marked as EOG
llm_load_vocab: control token:    947 '>>UNUSED_821<<' is not marked as EOG
llm_load_vocab: control token:   1392 '>>UNUSED_1266<<' is not marked as EOG
llm_load_vocab: control token:   1788 '>>UNUSED_1662<<' is not marked as EOG
llm_load_vocab: control token:     25 '>>KEY<<' is not marked as EOG
llm_load_vocab: control token:   1314 '>>UNUSED_1188<<' is not marked as EOG
llm_load_vocab: control token:    352 '>>UNUSED_226<<' is not marked as EOG
llm_load_vocab: control token:   1441 '>>UNUSED_1315<<' is not marked as EOG
llm_load_vocab: control token:    202 '>>UNUSED_76<<' is not marked as EOG
llm_load_vocab: control token:   1380 '>>UNUSED_1254<<' is not marked as EOG
llm_load_vocab: control token:    404 '>>UNUSED_278<<' is not marked as EOG
llm_load_vocab: control token:   1084 '>>UNUSED_958<<' is not marked as EOG
llm_load_vocab: control token:    936 '>>UNUSED_810<<' is not marked as EOG
llm_load_vocab: control token:   1370 '>>UNUSED_1244<<' is not marked as EOG
llm_load_vocab: control token:    915 '>>UNUSED_789<<' is not marked as EOG
llm_load_vocab: control token:    230 '>>UNUSED_104<<' is not marked as EOG
llm_load_vocab: control token:    394 '>>UNUSED_268<<' is not marked as EOG
llm_load_vocab: control token:    211 '>>UNUSED_85<<' is not marked as EOG
llm_load_vocab: control token:   1294 '>>UNUSED_1168<<' is not marked as EOG
llm_load_vocab: control token:   1800 '>>UNUSED_1674<<' is not marked as EOG
llm_load_vocab: control token:    156 '>>UNUSED_30<<' is not marked as EOG
llm_load_vocab: control token:    176 '>>UNUSED_50<<' is not marked as EOG
llm_load_vocab: control token:    128 '>>UNUSED_2<<' is not marked as EOG
llm_load_vocab: control token:   2008 '>>UNUSED_1882<<' is not marked as EOG
llm_load_vocab: control token:     93 '>>POS_67<<' is not marked as EOG
llm_load_vocab: control token:   1790 '>>UNUSED_1664<<' is not marked as EOG
llm_load_vocab: control token:     75 '>>POS_49<<' is not marked as EOG
llm_load_vocab: control token:   1118 '>>UNUSED_992<<' is not marked as EOG
llm_load_vocab: control token:   1630 '>>UNUSED_1504<<' is not marked as EOG
llm_load_vocab: control token:    965 '>>UNUSED_839<<' is not marked as EOG
llm_load_vocab: control token:   1390 '>>UNUSED_1264<<' is not marked as EOG
llm_load_vocab: control token:   1882 '>>UNUSED_1756<<' is not marked as EOG
llm_load_vocab: control token:    147 '>>UNUSED_21<<' is not marked as EOG
llm_load_vocab: control token:    437 '>>UNUSED_311<<' is not marked as EOG
llm_load_vocab: control token:    737 '>>UNUSED_611<<' is not marked as EOG
llm_load_vocab: control token:    586 '>>UNUSED_460<<' is not marked as EOG
llm_load_vocab: control token:    790 '>>UNUSED_664<<' is not marked as EOG
llm_load_vocab: control token:   1631 '>>UNUSED_1505<<' is not marked as EOG
llm_load_vocab: control token:    375 '>>UNUSED_249<<' is not marked as EOG
llm_load_vocab: control token:    578 '>>UNUSED_452<<' is not marked as EOG
llm_load_vocab: control token:    420 '>>UNUSED_294<<' is not marked as EOG
llm_load_vocab: control token:    204 '>>UNUSED_78<<' is not marked as EOG
llm_load_vocab: control token:   1983 '>>UNUSED_1857<<' is not marked as EOG
llm_load_vocab: control token:    142 '>>UNUSED_16<<' is not marked as EOG
llm_load_vocab: control token:    258 '>>UNUSED_132<<' is not marked as EOG
llm_load_vocab: control token:    515 '>>UNUSED_389<<' is not marked as EOG
llm_load_vocab: control token:    174 '>>UNUSED_48<<' is not marked as EOG
llm_load_vocab: control token:   1168 '>>UNUSED_1042<<' is not marked as EOG
llm_load_vocab: control token:    863 '>>UNUSED_737<<' is not marked as EOG
llm_load_vocab: control token:    207 '>>UNUSED_81<<' is not marked as EOG
llm_load_vocab: control token:    791 '>>UNUSED_665<<' is not marked as EOG
llm_load_vocab: control token:   1583 '>>UNUSED_1457<<' is not marked as EOG
llm_load_vocab: control token:    831 '>>UNUSED_705<<' is not marked as EOG
llm_load_vocab: control token:    908 '>>UNUSED_782<<' is not marked as EOG
llm_load_vocab: control token:   1173 '>>UNUSED_1047<<' is not marked as EOG
llm_load_vocab: control token:    827 '>>UNUSED_701<<' is not marked as EOG
llm_load_vocab: control token:    492 '>>UNUSED_366<<' is not marked as EOG
llm_load_vocab: control token:    223 '>>UNUSED_97<<' is not marked as EOG
llm_load_vocab: control token:     42 '>>POS_16<<' is not marked as EOG
llm_load_vocab: control token:    123 '>>POS_97<<' is not marked as EOG
llm_load_vocab: control token:    764 '>>UNUSED_638<<' is not marked as EOG
llm_load_vocab: control token:   1573 '>>UNUSED_1447<<' is not marked as EOG
llm_load_vocab: control token:   1896 '>>UNUSED_1770<<' is not marked as EOG
llm_load_vocab: control token:    869 '>>UNUSED_743<<' is not marked as EOG
llm_load_vocab: control token:   1930 '>>UNUSED_1804<<' is not marked as EOG
llm_load_vocab: control token:   1764 '>>UNUSED_1638<<' is not marked as EOG
llm_load_vocab: control token:   1087 '>>UNUSED_961<<' is not marked as EOG
llm_load_vocab: control token:   1200 '>>UNUSED_1074<<' is not marked as EOG
llm_load_vocab: control token:   1329 '>>UNUSED_1203<<' is not marked as EOG
llm_load_vocab: control token:   1425 '>>UNUSED_1299<<' is not marked as EOG
llm_load_vocab: control token:   1697 '>>UNUSED_1571<<' is not marked as EOG
llm_load_vocab: control token:     77 '>>POS_51<<' is not marked as EOG
llm_load_vocab: control token:    179 '>>UNUSED_53<<' is not marked as EOG
llm_load_vocab: control token:   1103 '>>UNUSED_977<<' is not marked as EOG
llm_load_vocab: control token:    209 '>>UNUSED_83<<' is not marked as EOG
llm_load_vocab: control token:   1487 '>>UNUSED_1361<<' is not marked as EOG
llm_load_vocab: control token:   1646 '>>UNUSED_1520<<' is not marked as EOG
llm_load_vocab: control token:    901 '>>UNUSED_775<<' is not marked as EOG
llm_load_vocab: control token:    940 '>>UNUSED_814<<' is not marked as EOG
llm_load_vocab: control token:    290 '>>UNUSED_164<<' is not marked as EOG
llm_load_vocab: control token:   2006 '>>UNUSED_1880<<' is not marked as EOG
llm_load_vocab: control token:    222 '>>UNUSED_96<<' is not marked as EOG
llm_load_vocab: control token:    197 '>>UNUSED_71<<' is not marked as EOG
llm_load_vocab: control token:    297 '>>UNUSED_171<<' is not marked as EOG
llm_load_vocab: control token:    199 '>>UNUSED_73<<' is not marked as EOG
llm_load_vocab: control token:     43 '>>POS_17<<' is not marked as EOG
llm_load_vocab: control token:    269 '>>UNUSED_143<<' is not marked as EOG
llm_load_vocab: control token:    571 '>>UNUSED_445<<' is not marked as EOG
llm_load_vocab: control token:   1207 '>>UNUSED_1081<<' is not marked as EOG
llm_load_vocab: control token:    465 '>>UNUSED_339<<' is not marked as EOG
llm_load_vocab: control token:   1935 '>>UNUSED_1809<<' is not marked as EOG
llm_load_vocab: control token:    374 '>>UNUSED_248<<' is not marked as EOG
llm_load_vocab: control token:    326 '>>UNUSED_200<<' is not marked as EOG
llm_load_vocab: control token:    654 '>>UNUSED_528<<' is not marked as EOG
llm_load_vocab: control token:   1845 '>>UNUSED_1719<<' is not marked as EOG
llm_load_vocab: control token:    649 '>>UNUSED_523<<' is not marked as EOG
llm_load_vocab: control token:   1504 '>>UNUSED_1378<<' is not marked as EOG
llm_load_vocab: control token:    509 '>>UNUSED_383<<' is not marked as EOG
llm_load_vocab: control token:    486 '>>UNUSED_360<<' is not marked as EOG
llm_load_vocab: control token:   1833 '>>UNUSED_1707<<' is not marked as EOG
llm_load_vocab: control token:   1043 '>>UNUSED_917<<' is not marked as EOG
llm_load_vocab: control token:   1728 '>>UNUSED_1602<<' is not marked as EOG
llm_load_vocab: control token:   1304 '>>UNUSED_1178<<' is not marked as EOG
llm_load_vocab: control token:   1740 '>>UNUSED_1614<<' is not marked as EOG
llm_load_vocab: control token:    327 '>>UNUSED_201<<' is not marked as EOG
llm_load_vocab: control token:      9 '>>IP_ADDRESS<<' is not marked as EOG
llm_load_vocab: control token:     28 '>>POS_2<<' is not marked as EOG
llm_load_vocab: control token:   1494 '>>UNUSED_1368<<' is not marked as EOG
llm_load_vocab: control token:    986 '>>UNUSED_860<<' is not marked as EOG
llm_load_vocab: control token:   1177 '>>UNUSED_1051<<' is not marked as EOG
llm_load_vocab: control token:    300 '>>UNUSED_174<<' is not marked as EOG
llm_load_vocab: control token:    568 '>>UNUSED_442<<' is not marked as EOG
llm_load_vocab: control token:   1809 '>>UNUSED_1683<<' is not marked as EOG
llm_load_vocab: control token:    743 '>>UNUSED_617<<' is not marked as EOG
llm_load_vocab: control token:    541 '>>UNUSED_415<<' is not marked as EOG
llm_load_vocab: control token:    963 '>>UNUSED_837<<' is not marked as EOG
llm_load_vocab: control token:   1839 '>>UNUSED_1713<<' is not marked as EOG
llm_load_vocab: control token:    544 '>>UNUSED_418<<' is not marked as EOG
llm_load_vocab: control token:    294 '>>UNUSED_168<<' is not marked as EOG
llm_load_vocab: control token:    553 '>>UNUSED_427<<' is not marked as EOG
llm_load_vocab: control token:   1285 '>>UNUSED_1159<<' is not marked as EOG
llm_load_vocab: control token:    969 '>>UNUSED_843<<' is not marked as EOG
llm_load_vocab: control token:    481 '>>UNUSED_355<<' is not marked as EOG
llm_load_vocab: control token:    304 '>>UNUSED_178<<' is not marked as EOG
llm_load_vocab: control token:   1891 '>>UNUSED_1765<<' is not marked as EOG
llm_load_vocab: control token:    117 '>>POS_91<<' is not marked as EOG
llm_load_vocab: control token:    564 '>>UNUSED_438<<' is not marked as EOG
llm_load_vocab: control token:    599 '>>UNUSED_473<<' is not marked as EOG
llm_load_vocab: control token:   1284 '>>UNUSED_1158<<' is not marked as EOG
llm_load_vocab: control token:   1105 '>>UNUSED_979<<' is not marked as EOG
llm_load_vocab: control token:    953 '>>UNUSED_827<<' is not marked as EOG
llm_load_vocab: control token:    282 '>>UNUSED_156<<' is not marked as EOG
llm_load_vocab: control token:    583 '>>UNUSED_457<<' is not marked as EOG
llm_load_vocab: control token:    245 '>>UNUSED_119<<' is not marked as EOG
llm_load_vocab: control token:    652 '>>UNUSED_526<<' is not marked as EOG
llm_load_vocab: control token:   1530 '>>UNUSED_1404<<' is not marked as EOG
llm_load_vocab: control token:    585 '>>UNUSED_459<<' is not marked as EOG
llm_load_vocab: control token:     76 '>>POS_50<<' is not marked as EOG
llm_load_vocab: control token:    981 '>>UNUSED_855<<' is not marked as EOG
llm_load_vocab: control token:    595 '>>UNUSED_469<<' is not marked as EOG
llm_load_vocab: control token:   1218 '>>UNUSED_1092<<' is not marked as EOG
llm_load_vocab: control token:   1780 '>>UNUSED_1654<<' is not marked as EOG
llm_load_vocab: control token:   1773 '>>UNUSED_1647<<' is not marked as EOG
llm_load_vocab: control token:    766 '>>UNUSED_640<<' is not marked as EOG
llm_load_vocab: control token:   1850 '>>UNUSED_1724<<' is not marked as EOG
llm_load_vocab: control token:   1491 '>>UNUSED_1365<<' is not marked as EOG
llm_load_vocab: control token:    562 '>>UNUSED_436<<' is not marked as EOG
llm_load_vocab: control token:   1396 '>>UNUSED_1270<<' is not marked as EOG
llm_load_vocab: control token:   2007 '>>UNUSED_1881<<' is not marked as EOG
llm_load_vocab: control token:   1921 '>>UNUSED_1795<<' is not marked as EOG
llm_load_vocab: control token:   1862 '>>UNUSED_1736<<' is not marked as EOG
llm_load_vocab: control token:    623 '>>UNUSED_497<<' is not marked as EOG
llm_load_vocab: control token:   1684 '>>UNUSED_1558<<' is not marked as EOG
llm_load_vocab: control token:   1017 '>>UNUSED_891<<' is not marked as EOG
llm_load_vocab: control token:    298 '>>UNUSED_172<<' is not marked as EOG
llm_load_vocab: control token:     48 '>>POS_22<<' is not marked as EOG
llm_load_vocab: control token:    640 '>>UNUSED_514<<' is not marked as EOG
llm_load_vocab: control token:    642 '>>UNUSED_516<<' is not marked as EOG
llm_load_vocab: control token:   1187 '>>UNUSED_1061<<' is not marked as EOG
llm_load_vocab: control token:    144 '>>UNUSED_18<<' is not marked as EOG
llm_load_vocab: control token:   2016 '>>UNUSED_1890<<' is not marked as EOG
llm_load_vocab: control token:   1340 '>>UNUSED_1214<<' is not marked as EOG
llm_load_vocab: control token:    203 '>>UNUSED_77<<' is not marked as EOG
llm_load_vocab: control token:    742 '>>UNUSED_616<<' is not marked as EOG
llm_load_vocab: control token:    657 '>>UNUSED_531<<' is not marked as EOG
llm_load_vocab: control token:    662 '>>UNUSED_536<<' is not marked as EOG
llm_load_vocab: control token:    810 '>>UNUSED_684<<' is not marked as EOG
llm_load_vocab: control token:   1332 '>>UNUSED_1206<<' is not marked as EOG
llm_load_vocab: control token:   1648 '>>UNUSED_1522<<' is not marked as EOG
llm_load_vocab: control token:    669 '>>UNUSED_543<<' is not marked as EOG
llm_load_vocab: control token:    897 '>>UNUSED_771<<' is not marked as EOG
llm_load_vocab: control token:    802 '>>UNUSED_676<<' is not marked as EOG
llm_load_vocab: control token:    683 '>>UNUSED_557<<' is not marked as EOG
llm_load_vocab: control token:    584 '>>UNUSED_458<<' is not marked as EOG
llm_load_vocab: control token:    692 '>>UNUSED_566<<' is not marked as EOG
llm_load_vocab: control token:    693 '>>UNUSED_567<<' is not marked as EOG
llm_load_vocab: control token:    694 '>>UNUSED_568<<' is not marked as EOG
llm_load_vocab: control token:    427 '>>UNUSED_301<<' is not marked as EOG
llm_load_vocab: control token:    699 '>>UNUSED_573<<' is not marked as EOG
llm_load_vocab: control token:    711 '>>UNUSED_585<<' is not marked as EOG
llm_load_vocab: control token:    882 '>>UNUSED_756<<' is not marked as EOG
llm_load_vocab: control token:    895 '>>UNUSED_769<<' is not marked as EOG
llm_load_vocab: control token:   1842 '>>UNUSED_1716<<' is not marked as EOG
llm_load_vocab: control token:    736 '>>UNUSED_610<<' is not marked as EOG
llm_load_vocab: control token:    876 '>>UNUSED_750<<' is not marked as EOG
llm_load_vocab: control token:    805 '>>UNUSED_679<<' is not marked as EOG
llm_load_vocab: control token:   1951 '>>UNUSED_1825<<' is not marked as EOG
llm_load_vocab: control token:    745 '>>UNUSED_619<<' is not marked as EOG
llm_load_vocab: control token:    262 '>>UNUSED_136<<' is not marked as EOG
llm_load_vocab: control token:    748 '>>UNUSED_622<<' is not marked as EOG
llm_load_vocab: control token:   1291 '>>UNUSED_1165<<' is not marked as EOG
llm_load_vocab: control token:    751 '>>UNUSED_625<<' is not marked as EOG
llm_load_vocab: control token:   1640 '>>UNUSED_1514<<' is not marked as EOG
llm_load_vocab: control token:    398 '>>UNUSED_272<<' is not marked as EOG
llm_load_vocab: control token:    757 '>>UNUSED_631<<' is not marked as EOG
llm_load_vocab: control token:    415 '>>UNUSED_289<<' is not marked as EOG
llm_load_vocab: control token:   1120 '>>UNUSED_994<<' is not marked as EOG
llm_load_vocab: control token:   1053 '>>UNUSED_927<<' is not marked as EOG
llm_load_vocab: control token:    102 '>>POS_76<<' is not marked as EOG
llm_load_vocab: control token:    475 '>>UNUSED_349<<' is not marked as EOG
llm_load_vocab: control token:    770 '>>UNUSED_644<<' is not marked as EOG
llm_load_vocab: control token:    555 '>>UNUSED_429<<' is not marked as EOG
llm_load_vocab: control token:   1608 '>>UNUSED_1482<<' is not marked as EOG
llm_load_vocab: control token:   2022 '>>UNUSED_1896<<' is not marked as EOG
llm_load_vocab: control token:    781 '>>UNUSED_655<<' is not marked as EOG
llm_load_vocab: control token:    212 '>>UNUSED_86<<' is not marked as EOG
llm_load_vocab: control token:    792 '>>UNUSED_666<<' is not marked as EOG
llm_load_vocab: control token:   1912 '>>UNUSED_1786<<' is not marked as EOG
llm_load_vocab: control token:    837 '>>UNUSED_711<<' is not marked as EOG
llm_load_vocab: control token:    803 '>>UNUSED_677<<' is not marked as EOG
llm_load_vocab: control token:   1357 '>>UNUSED_1231<<' is not marked as EOG
llm_load_vocab: control token:    208 '>>UNUSED_82<<' is not marked as EOG
llm_load_vocab: control token:   1176 '>>UNUSED_1050<<' is not marked as EOG
llm_load_vocab: control token:    956 '>>UNUSED_830<<' is not marked as EOG
llm_load_vocab: control token:    632 '>>UNUSED_506<<' is not marked as EOG
llm_load_vocab: control token:    798 '>>UNUSED_672<<' is not marked as EOG
llm_load_vocab: control token:    734 '>>UNUSED_608<<' is not marked as EOG
llm_load_vocab: control token:    561 '>>UNUSED_435<<' is not marked as EOG
llm_load_vocab: control token:     47 '>>POS_21<<' is not marked as EOG
llm_load_vocab: control token:   1333 '>>UNUSED_1207<<' is not marked as EOG
llm_load_vocab: control token:    439 '>>UNUSED_313<<' is not marked as EOG
llm_load_vocab: control token:   1717 '>>UNUSED_1591<<' is not marked as EOG
llm_load_vocab: control token:    664 '>>UNUSED_538<<' is not marked as EOG
llm_load_vocab: control token:    840 '>>UNUSED_714<<' is not marked as EOG
llm_load_vocab: control token:    841 '>>UNUSED_715<<' is not marked as EOG
llm_load_vocab: control token:   1909 '>>UNUSED_1783<<' is not marked as EOG
llm_load_vocab: control token:    418 '>>UNUSED_292<<' is not marked as EOG
llm_load_vocab: control token:    367 '>>UNUSED_241<<' is not marked as EOG
llm_load_vocab: control token:   1903 '>>UNUSED_1777<<' is not marked as EOG
llm_load_vocab: control token:   1933 '>>UNUSED_1807<<' is not marked as EOG
llm_load_vocab: control token:    898 '>>UNUSED_772<<' is not marked as EOG
llm_load_vocab: control token:   1881 '>>UNUSED_1755<<' is not marked as EOG
llm_load_vocab: control token:    844 '>>UNUSED_718<<' is not marked as EOG
llm_load_vocab: control token:    588 '>>UNUSED_462<<' is not marked as EOG
llm_load_vocab: control token:    846 '>>UNUSED_720<<' is not marked as EOG
llm_load_vocab: control token:    684 '>>UNUSED_558<<' is not marked as EOG
llm_load_vocab: control token:    984 '>>UNUSED_858<<' is not marked as EOG
llm_load_vocab: control token:    865 '>>UNUSED_739<<' is not marked as EOG
llm_load_vocab: control token:   1715 '>>UNUSED_1589<<' is not marked as EOG
llm_load_vocab: control token:   1675 '>>UNUSED_1549<<' is not marked as EOG
llm_load_vocab: control token:    970 '>>UNUSED_844<<' is not marked as EOG
llm_load_vocab: control token:   1980 '>>UNUSED_1854<<' is not marked as EOG
llm_load_vocab: control token:    695 '>>UNUSED_569<<' is not marked as EOG
llm_load_vocab: control token:   1782 '>>UNUSED_1656<<' is not marked as EOG
llm_load_vocab: control token:   1347 '>>UNUSED_1221<<' is not marked as EOG
llm_load_vocab: control token:    885 '>>UNUSED_759<<' is not marked as EOG
llm_load_vocab: control token:     66 '>>POS_40<<' is not marked as EOG
llm_load_vocab: control token:   1866 '>>UNUSED_1740<<' is not marked as EOG
llm_load_vocab: control token:    930 '>>UNUSED_804<<' is not marked as EOG
llm_load_vocab: control token:   1453 '>>UNUSED_1327<<' is not marked as EOG
llm_load_vocab: control token:    440 '>>UNUSED_314<<' is not marked as EOG
llm_load_vocab: control token:   1181 '>>UNUSED_1055<<' is not marked as EOG
llm_load_vocab: control token:    925 '>>UNUSED_799<<' is not marked as EOG
llm_load_vocab: control token:    285 '>>UNUSED_159<<' is not marked as EOG
llm_load_vocab: control token:    789 '>>UNUSED_663<<' is not marked as EOG
llm_load_vocab: control token:   1597 '>>UNUSED_1471<<' is not marked as EOG
llm_load_vocab: control token:    508 '>>UNUSED_382<<' is not marked as EOG
llm_load_vocab: control token:    462 '>>UNUSED_336<<' is not marked as EOG
llm_load_vocab: control token:    957 '>>UNUSED_831<<' is not marked as EOG
llm_load_vocab: control token:   1672 '>>UNUSED_1546<<' is not marked as EOG
llm_load_vocab: control token:   1102 '>>UNUSED_976<<' is not marked as EOG
llm_load_vocab: control token:   1083 '>>UNUSED_957<<' is not marked as EOG
llm_load_vocab: control token:    979 '>>UNUSED_853<<' is not marked as EOG
llm_load_vocab: control token:   1211 '>>UNUSED_1085<<' is not marked as EOG
llm_load_vocab: control token:    987 '>>UNUSED_861<<' is not marked as EOG
llm_load_vocab: control token:   1141 '>>UNUSED_1015<<' is not marked as EOG
llm_load_vocab: control token:    993 '>>UNUSED_867<<' is not marked as EOG
llm_load_vocab: control token:   1151 '>>UNUSED_1025<<' is not marked as EOG
llm_load_vocab: control token:   1777 '>>UNUSED_1651<<' is not marked as EOG
llm_load_vocab: control token:   1883 '>>UNUSED_1757<<' is not marked as EOG
llm_load_vocab: control token:   1001 '>>UNUSED_875<<' is not marked as EOG
llm_load_vocab: control token:    820 '>>UNUSED_694<<' is not marked as EOG
llm_load_vocab: control token:   1010 '>>UNUSED_884<<' is not marked as EOG
llm_load_vocab: control token:   1471 '>>UNUSED_1345<<' is not marked as EOG
llm_load_vocab: control token:   1259 '>>UNUSED_1133<<' is not marked as EOG
llm_load_vocab: control token:    183 '>>UNUSED_57<<' is not marked as EOG
llm_load_vocab: control token:    236 '>>UNUSED_110<<' is not marked as EOG
llm_load_vocab: control token:    852 '>>UNUSED_726<<' is not marked as EOG
llm_load_vocab: control token:   1145 '>>UNUSED_1019<<' is not marked as EOG
llm_load_vocab: control token:   1560 '>>UNUSED_1434<<' is not marked as EOG
llm_load_vocab: control token:    997 '>>UNUSED_871<<' is not marked as EOG
llm_load_vocab: control token:   1069 '>>UNUSED_943<<' is not marked as EOG
llm_load_vocab: control token:   1070 '>>UNUSED_944<<' is not marked as EOG
llm_load_vocab: control token:    417 '>>UNUSED_291<<' is not marked as EOG
llm_load_vocab: control token:   1071 '>>UNUSED_945<<' is not marked as EOG
llm_load_vocab: control token:   1072 '>>UNUSED_946<<' is not marked as EOG
llm_load_vocab: control token:    277 '>>UNUSED_151<<' is not marked as EOG
llm_load_vocab: control token:   1541 '>>UNUSED_1415<<' is not marked as EOG
llm_load_vocab: control token:    907 '>>UNUSED_781<<' is not marked as EOG
llm_load_vocab: control token:   1378 '>>UNUSED_1252<<' is not marked as EOG
llm_load_vocab: control token:    237 '>>UNUSED_111<<' is not marked as EOG
llm_load_vocab: control token:    639 '>>UNUSED_513<<' is not marked as EOG
llm_load_vocab: control token:   1117 '>>UNUSED_991<<' is not marked as EOG
llm_load_vocab: control token:   1099 '>>UNUSED_973<<' is not marked as EOG
llm_load_vocab: control token:   1104 '>>UNUSED_978<<' is not marked as EOG
llm_load_vocab: control token:   1994 '>>UNUSED_1868<<' is not marked as EOG
llm_load_vocab: control token:   1710 '>>UNUSED_1584<<' is not marked as EOG
llm_load_vocab: control token:    644 '>>UNUSED_518<<' is not marked as EOG
llm_load_vocab: control token:   1365 '>>UNUSED_1239<<' is not marked as EOG
llm_load_vocab: control token:   1256 '>>UNUSED_1130<<' is not marked as EOG
llm_load_vocab: control token:    631 '>>UNUSED_505<<' is not marked as EOG
llm_load_vocab: control token:   1437 '>>UNUSED_1311<<' is not marked as EOG
llm_load_vocab: control token:    910 '>>UNUSED_784<<' is not marked as EOG
llm_load_vocab: control token:    160 '>>UNUSED_34<<' is not marked as EOG
llm_load_vocab: control token:    633 '>>UNUSED_507<<' is not marked as EOG
llm_load_vocab: control token:    274 '>>UNUSED_148<<' is not marked as EOG
llm_load_vocab: control token:   1206 '>>UNUSED_1080<<' is not marked as EOG
llm_load_vocab: control token:     23 '>>IP_ADDRESS_9<<' is not marked as EOG
llm_load_vocab: control token:   1563 '>>UNUSED_1437<<' is not marked as EOG
llm_load_vocab: control token:     64 '>>POS_38<<' is not marked as EOG
llm_load_vocab: control token:    189 '>>UNUSED_63<<' is not marked as EOG
llm_load_vocab: control token:     37 '>>POS_11<<' is not marked as EOG
llm_load_vocab: control token:    249 '>>UNUSED_123<<' is not marked as EOG
llm_load_vocab: control token:   1185 '>>UNUSED_1059<<' is not marked as EOG
llm_load_vocab: control token:     33 '>>POS_7<<' is not marked as EOG
llm_load_vocab: control token:   1669 '>>UNUSED_1543<<' is not marked as EOG
llm_load_vocab: control token:   1738 '>>UNUSED_1612<<' is not marked as EOG
llm_load_vocab: control token:    318 '>>UNUSED_192<<' is not marked as EOG
llm_load_vocab: control token:   1949 '>>UNUSED_1823<<' is not marked as EOG
llm_load_vocab: control token:   1887 '>>UNUSED_1761<<' is not marked as EOG
llm_load_vocab: control token:   1375 '>>UNUSED_1249<<' is not marked as EOG
llm_load_vocab: control token:    240 '>>UNUSED_114<<' is not marked as EOG
llm_load_vocab: control token:   1140 '>>UNUSED_1014<<' is not marked as EOG
llm_load_vocab: control token:   1721 '>>UNUSED_1595<<' is not marked as EOG
llm_load_vocab: control token:    929 '>>UNUSED_803<<' is not marked as EOG
llm_load_vocab: control token:    122 '>>POS_96<<' is not marked as EOG
llm_load_vocab: control token:   1744 '>>UNUSED_1618<<' is not marked as EOG
llm_load_vocab: control token:   1324 '>>UNUSED_1198<<' is not marked as EOG
llm_load_vocab: control token:   1567 '>>UNUSED_1441<<' is not marked as EOG
llm_load_vocab: control token:    261 '>>UNUSED_135<<' is not marked as EOG
llm_load_vocab: control token:    756 '>>UNUSED_630<<' is not marked as EOG
llm_load_vocab: control token:    675 '>>UNUSED_549<<' is not marked as EOG
llm_load_vocab: control token:    797 '>>UNUSED_671<<' is not marked as EOG
llm_load_vocab: control token:   1795 '>>UNUSED_1669<<' is not marked as EOG
llm_load_vocab: control token:   1317 '>>UNUSED_1191<<' is not marked as EOG
llm_load_vocab: control token:    299 '>>UNUSED_173<<' is not marked as EOG
llm_load_vocab: control token:   1739 '>>UNUSED_1613<<' is not marked as EOG
llm_load_vocab: control token:    325 '>>UNUSED_199<<' is not marked as EOG
llm_load_vocab: control token:    818 '>>UNUSED_692<<' is not marked as EOG
llm_load_vocab: control token:   1985 '>>UNUSED_1859<<' is not marked as EOG
llm_load_vocab: control token:   1270 '>>UNUSED_1144<<' is not marked as EOG
llm_load_vocab: control token:   1004 '>>UNUSED_878<<' is not marked as EOG
llm_load_vocab: control token:    626 '>>UNUSED_500<<' is not marked as EOG
llm_load_vocab: control token:    432 '>>UNUSED_306<<' is not marked as EOG
llm_load_vocab: control token:    551 '>>UNUSED_425<<' is not marked as EOG
llm_load_vocab: control token:    538 '>>UNUSED_412<<' is not marked as EOG
llm_load_vocab: control token:    260 '>>UNUSED_134<<' is not marked as EOG
llm_load_vocab: control token:   1897 '>>UNUSED_1771<<' is not marked as EOG
llm_load_vocab: control token:   1950 '>>UNUSED_1824<<' is not marked as EOG
llm_load_vocab: control token:   1691 '>>UNUSED_1565<<' is not marked as EOG
llm_load_vocab: control token:   1236 '>>UNUSED_1110<<' is not marked as EOG
llm_load_vocab: control token:   1376 '>>UNUSED_1250<<' is not marked as EOG
llm_load_vocab: control token:    589 '>>UNUSED_463<<' is not marked as EOG
llm_load_vocab: control token:   1683 '>>UNUSED_1557<<' is not marked as EOG
llm_load_vocab: control token:   1222 '>>UNUSED_1096<<' is not marked as EOG
llm_load_vocab: control token:    716 '>>UNUSED_590<<' is not marked as EOG
llm_load_vocab: control token:    405 '>>UNUSED_279<<' is not marked as EOG
llm_load_vocab: control token:    878 '>>UNUSED_752<<' is not marked as EOG
llm_load_vocab: control token:   1702 '>>UNUSED_1576<<' is not marked as EOG
llm_load_vocab: control token:   1289 '>>UNUSED_1163<<' is not marked as EOG
llm_load_vocab: control token:   1692 '>>UNUSED_1566<<' is not marked as EOG
llm_load_vocab: control token:    134 '>>UNUSED_8<<' is not marked as EOG
llm_load_vocab: control token:    864 '>>UNUSED_738<<' is not marked as EOG
llm_load_vocab: control token:    391 '>>UNUSED_265<<' is not marked as EOG
llm_load_vocab: control token:    442 '>>UNUSED_316<<' is not marked as EOG
llm_load_vocab: control token:   1831 '>>UNUSED_1705<<' is not marked as EOG
llm_load_vocab: control token:    610 '>>UNUSED_484<<' is not marked as EOG
llm_load_vocab: control token:    109 '>>POS_83<<' is not marked as EOG
llm_load_vocab: control token:    369 '>>UNUSED_243<<' is not marked as EOG
llm_load_vocab: control token:   1653 '>>UNUSED_1527<<' is not marked as EOG
llm_load_vocab: control token:    196 '>>UNUSED_70<<' is not marked as EOG
llm_load_vocab: control token:   1461 '>>UNUSED_1335<<' is not marked as EOG
llm_load_vocab: control token:   1647 '>>UNUSED_1521<<' is not marked as EOG
llm_load_vocab: control token:   1252 '>>UNUSED_1126<<' is not marked as EOG
llm_load_vocab: control token:    710 '>>UNUSED_584<<' is not marked as EOG
llm_load_vocab: control token:   1275 '>>UNUSED_1149<<' is not marked as EOG
llm_load_vocab: control token:    656 '>>UNUSED_530<<' is not marked as EOG
llm_load_vocab: control token:   1674 '>>UNUSED_1548<<' is not marked as EOG
llm_load_vocab: control token:   1649 '>>UNUSED_1523<<' is not marked as EOG
llm_load_vocab: control token:   1508 '>>UNUSED_1382<<' is not marked as EOG
llm_load_vocab: control token:   1063 '>>UNUSED_937<<' is not marked as EOG
llm_load_vocab: control token:    962 '>>UNUSED_836<<' is not marked as EOG
llm_load_vocab: control token:     16 '>>IP_ADDRESS_2<<' is not marked as EOG
llm_load_vocab: control token:   1299 '>>UNUSED_1173<<' is not marked as EOG
llm_load_vocab: control token:   1472 '>>UNUSED_1346<<' is not marked as EOG
llm_load_vocab: control token:   1204 '>>UNUSED_1078<<' is not marked as EOG
llm_load_vocab: control token:    348 '>>UNUSED_222<<' is not marked as EOG
llm_load_vocab: control token:   1662 '>>UNUSED_1536<<' is not marked as EOG
llm_load_vocab: control token:    228 '>>UNUSED_102<<' is not marked as EOG
llm_load_vocab: control token:    215 '>>UNUSED_89<<' is not marked as EOG
llm_load_vocab: control token:    556 '>>UNUSED_430<<' is not marked as EOG
llm_load_vocab: control token:    829 '>>UNUSED_703<<' is not marked as EOG
llm_load_vocab: control token:   1015 '>>UNUSED_889<<' is not marked as EOG
llm_load_vocab: control token:    968 '>>UNUSED_842<<' is not marked as EOG
llm_load_vocab: control token:    676 '>>UNUSED_550<<' is not marked as EOG
llm_load_vocab: control token:    259 '>>UNUSED_133<<' is not marked as EOG
llm_load_vocab: control token:   1529 '>>UNUSED_1403<<' is not marked as EOG
llm_load_vocab: control token:    917 '>>UNUSED_791<<' is not marked as EOG
llm_load_vocab: control token:   1041 '>>UNUSED_915<<' is not marked as EOG
llm_load_vocab: control token:   1514 '>>UNUSED_1388<<' is not marked as EOG
llm_load_vocab: control token:   1976 '>>UNUSED_1850<<' is not marked as EOG
llm_load_vocab: control token:   1233 '>>UNUSED_1107<<' is not marked as EOG
llm_load_vocab: control token:    813 '>>UNUSED_687<<' is not marked as EOG
llm_load_vocab: control token:   1899 '>>UNUSED_1773<<' is not marked as EOG
llm_load_vocab: control token:    913 '>>UNUSED_787<<' is not marked as EOG
llm_load_vocab: control token:   1865 '>>UNUSED_1739<<' is not marked as EOG
llm_load_vocab: control token:   1082 '>>UNUSED_956<<' is not marked as EOG
llm_load_vocab: control token:    188 '>>UNUSED_62<<' is not marked as EOG
llm_load_vocab: control token:   1963 '>>UNUSED_1837<<' is not marked as EOG
llm_load_vocab: control token:   1036 '>>UNUSED_910<<' is not marked as EOG
llm_load_vocab: control token:     38 '>>POS_12<<' is not marked as EOG
llm_load_vocab: control token:   1955 '>>UNUSED_1829<<' is not marked as EOG
llm_load_vocab: control token:    360 '>>UNUSED_234<<' is not marked as EOG
llm_load_vocab: control token:    435 '>>UNUSED_309<<' is not marked as EOG
llm_load_vocab: control token:    429 '>>UNUSED_303<<' is not marked as EOG
llm_load_vocab: control token:    687 '>>UNUSED_561<<' is not marked as EOG
llm_load_vocab: control token:    620 '>>UNUSED_494<<' is not marked as EOG
llm_load_vocab: control token:   1474 '>>UNUSED_1348<<' is not marked as EOG
llm_load_vocab: control token:   1320 '>>UNUSED_1194<<' is not marked as EOG
llm_load_vocab: control token:    617 '>>UNUSED_491<<' is not marked as EOG
llm_load_vocab: control token:    264 '>>UNUSED_138<<' is not marked as EOG
llm_load_vocab: control token:   1240 '>>UNUSED_1114<<' is not marked as EOG
llm_load_vocab: control token:    678 '>>UNUSED_552<<' is not marked as EOG
llm_load_vocab: control token:   1385 '>>UNUSED_1259<<' is not marked as EOG
llm_load_vocab: control token:    651 '>>UNUSED_525<<' is not marked as EOG
llm_load_vocab: control token:    916 '>>UNUSED_790<<' is not marked as EOG
llm_load_vocab: control token:   1450 '>>UNUSED_1324<<' is not marked as EOG
llm_load_vocab: control token:   1557 '>>UNUSED_1431<<' is not marked as EOG
llm_load_vocab: control token:   1006 '>>UNUSED_880<<' is not marked as EOG
llm_load_vocab: control token:    388 '>>UNUSED_262<<' is not marked as EOG
llm_load_vocab: control token:   1775 '>>UNUSED_1649<<' is not marked as EOG
llm_load_vocab: control token:   1246 '>>UNUSED_1120<<' is not marked as EOG
llm_load_vocab: control token:    238 '>>UNUSED_112<<' is not marked as EOG
llm_load_vocab: control token:    661 '>>UNUSED_535<<' is not marked as EOG
llm_load_vocab: control token:   1905 '>>UNUSED_1779<<' is not marked as EOG
llm_load_vocab: control token:   1248 '>>UNUSED_1122<<' is not marked as EOG
llm_load_vocab: control token:    886 '>>UNUSED_760<<' is not marked as EOG
llm_load_vocab: control token:   1379 '>>UNUSED_1253<<' is not marked as EOG
llm_load_vocab: control token:   1533 '>>UNUSED_1407<<' is not marked as EOG
llm_load_vocab: control token:   1584 '>>UNUSED_1458<<' is not marked as EOG
llm_load_vocab: control token:    767 '>>UNUSED_641<<' is not marked as EOG
llm_load_vocab: control token:   1110 '>>UNUSED_984<<' is not marked as EOG
llm_load_vocab: control token:   1478 '>>UNUSED_1352<<' is not marked as EOG
llm_load_vocab: control token:   2023 '<|pad|>' is not marked as EOG
llm_load_vocab: control token:   1747 '>>UNUSED_1621<<' is not marked as EOG
llm_load_vocab: control token:   1429 '>>UNUSED_1303<<' is not marked as EOG
llm_load_vocab: control token:   1925 '>>UNUSED_1799<<' is not marked as EOG
llm_load_vocab: control token:   1399 '>>UNUSED_1273<<' is not marked as EOG
llm_load_vocab: control token:   1016 '>>UNUSED_890<<' is not marked as EOG
llm_load_vocab: control token:    919 '>>UNUSED_793<<' is not marked as EOG
llm_load_vocab: control token:    975 '>>UNUSED_849<<' is not marked as EOG
llm_load_vocab: control token:    293 '>>UNUSED_167<<' is not marked as EOG
llm_load_vocab: control token:   1189 '>>UNUSED_1063<<' is not marked as EOG
llm_load_vocab: control token:    593 '>>UNUSED_467<<' is not marked as EOG
llm_load_vocab: control token:   1894 '>>UNUSED_1768<<' is not marked as EOG
llm_load_vocab: control token:    653 '>>UNUSED_527<<' is not marked as EOG
llm_load_vocab: control token:      4 '>>COMMENT<<' is not marked as EOG
llm_load_vocab: control token:    331 '>>UNUSED_205<<' is not marked as EOG
llm_load_vocab: control token:   1031 '>>UNUSED_905<<' is not marked as EOG
llm_load_vocab: control token:   1026 '>>UNUSED_900<<' is not marked as EOG
llm_load_vocab: control token:   1050 '>>UNUSED_924<<' is not marked as EOG
llm_load_vocab: control token:   1192 '>>UNUSED_1066<<' is not marked as EOG
llm_load_vocab: control token:   1475 '>>UNUSED_1349<<' is not marked as EOG
llm_load_vocab: control token:   1367 '>>UNUSED_1241<<' is not marked as EOG
llm_load_vocab: control token:   1599 '>>UNUSED_1473<<' is not marked as EOG
llm_load_vocab: control token:     30 '>>POS_4<<' is not marked as EOG
llm_load_vocab: control token:   1035 '>>UNUSED_909<<' is not marked as EOG
llm_load_vocab: control token:    540 '>>UNUSED_414<<' is not marked as EOG
llm_load_vocab: control token:   1555 '>>UNUSED_1429<<' is not marked as EOG
llm_load_vocab: control token:    775 '>>UNUSED_649<<' is not marked as EOG
llm_load_vocab: control token:    643 '>>UNUSED_517<<' is not marked as EOG
llm_load_vocab: control token:    727 '>>UNUSED_601<<' is not marked as EOG
llm_load_vocab: control token:   1929 '>>UNUSED_1803<<' is not marked as EOG
llm_load_vocab: control token:      0 '>>TITLE<<' is not marked as EOG
llm_load_vocab: control token:    812 '>>UNUSED_686<<' is not marked as EOG
llm_load_vocab: control token:   1682 '>>UNUSED_1556<<' is not marked as EOG
llm_load_vocab: control token:    735 '>>UNUSED_609<<' is not marked as EOG
llm_load_vocab: control token:   1806 '>>UNUSED_1680<<' is not marked as EOG
llm_load_vocab: control token:    447 '>>UNUSED_321<<' is not marked as EOG
llm_load_vocab: control token:   1846 '>>UNUSED_1720<<' is not marked as EOG
llm_load_vocab: control token:   1469 '>>UNUSED_1343<<' is not marked as EOG
llm_load_vocab: control token:   1832 '>>UNUSED_1706<<' is not marked as EOG
llm_load_vocab: control token:    949 '>>UNUSED_823<<' is not marked as EOG
llm_load_vocab: control token:   1162 '>>UNUSED_1036<<' is not marked as EOG
llm_load_vocab: control token:   1238 '>>UNUSED_1112<<' is not marked as EOG
llm_load_vocab: control token:    281 '>>UNUSED_155<<' is not marked as EOG
llm_load_vocab: control token:   1858 '>>UNUSED_1732<<' is not marked as EOG
llm_load_vocab: control token:   1712 '>>UNUSED_1586<<' is not marked as EOG
llm_load_vocab: control token:   1019 '>>UNUSED_893<<' is not marked as EOG
llm_load_vocab: control token:   1551 '>>UNUSED_1425<<' is not marked as EOG
llm_load_vocab: control token:   2014 '>>UNUSED_1888<<' is not marked as EOG
llm_load_vocab: control token:    307 '>>UNUSED_181<<' is not marked as EOG
llm_load_vocab: control token:   1681 '>>UNUSED_1555<<' is not marked as EOG
llm_load_vocab: control token:    381 '>>UNUSED_255<<' is not marked as EOG
llm_load_vocab: control token:   1928 '>>UNUSED_1802<<' is not marked as EOG
llm_load_vocab: control token:    448 '>>UNUSED_322<<' is not marked as EOG
llm_load_vocab: control token:   1940 '>>UNUSED_1814<<' is not marked as EOG
llm_load_vocab: control token:   1322 '>>UNUSED_1196<<' is not marked as EOG
llm_load_vocab: control token:    408 '>>UNUSED_282<<' is not marked as EOG
llm_load_vocab: control token:    194 '>>UNUSED_68<<' is not marked as EOG
llm_load_vocab: control token:   1387 '>>UNUSED_1261<<' is not marked as EOG
llm_load_vocab: control token:    195 '>>UNUSED_69<<' is not marked as EOG
llm_load_vocab: control token:   1798 '>>UNUSED_1672<<' is not marked as EOG
llm_load_vocab: control token:    500 '>>UNUSED_374<<' is not marked as EOG
llm_load_vocab: control token:    542 '>>UNUSED_416<<' is not marked as EOG
llm_load_vocab: control token:    288 '>>UNUSED_162<<' is not marked as EOG
llm_load_vocab: control token:   1220 '>>UNUSED_1094<<' is not marked as EOG
llm_load_vocab: control token:    799 '>>UNUSED_673<<' is not marked as EOG
llm_load_vocab: control token:   1837 '>>UNUSED_1711<<' is not marked as EOG
llm_load_vocab: control token:    225 '>>UNUSED_99<<' is not marked as EOG
llm_load_vocab: control token:    137 '>>UNUSED_11<<' is not marked as EOG
llm_load_vocab: control token:     96 '>>POS_70<<' is not marked as EOG
llm_load_vocab: control token:    185 '>>UNUSED_59<<' is not marked as EOG
llm_load_vocab: control token:    567 '>>UNUSED_441<<' is not marked as EOG
llm_load_vocab: control token:   1301 '>>UNUSED_1175<<' is not marked as EOG
llm_load_vocab: control token:   1081 '>>UNUSED_955<<' is not marked as EOG
llm_load_vocab: control token:    796 '>>UNUSED_670<<' is not marked as EOG
llm_load_vocab: control token:    346 '>>UNUSED_220<<' is not marked as EOG
llm_load_vocab: control token:    480 '>>UNUSED_354<<' is not marked as EOG
llm_load_vocab: control token:    881 '>>UNUSED_755<<' is not marked as EOG
llm_load_vocab: control token:    517 '>>UNUSED_391<<' is not marked as EOG
llm_load_vocab: control token:   1355 '>>UNUSED_1229<<' is not marked as EOG
llm_load_vocab: control token:    387 '>>UNUSED_261<<' is not marked as EOG
llm_load_vocab: control token:    824 '>>UNUSED_698<<' is not marked as EOG
llm_load_vocab: control token:    472 '>>UNUSED_346<<' is not marked as EOG
llm_load_vocab: control token:     53 '>>POS_27<<' is not marked as EOG
llm_load_vocab: control token:   1614 '>>UNUSED_1488<<' is not marked as EOG
llm_load_vocab: control token:    359 '>>UNUSED_233<<' is not marked as EOG
llm_load_vocab: control token:     74 '>>POS_48<<' is not marked as EOG
llm_load_vocab: control token:   1911 '>>UNUSED_1785<<' is not marked as EOG
llm_load_vocab: control token:     85 '>>POS_59<<' is not marked as EOG
llm_load_vocab: control token:    918 '>>UNUSED_792<<' is not marked as EOG
llm_load_vocab: control token:    323 '>>UNUSED_197<<' is not marked as EOG
llm_load_vocab: control token:    890 '>>UNUSED_764<<' is not marked as EOG
llm_load_vocab: control token:    270 '>>UNUSED_144<<' is not marked as EOG
llm_load_vocab: control token:    450 '>>UNUSED_324<<' is not marked as EOG
llm_load_vocab: control token:   1821 '>>UNUSED_1695<<' is not marked as EOG
llm_load_vocab: control token:    668 '>>UNUSED_542<<' is not marked as EOG
llm_load_vocab: control token:    677 '>>UNUSED_551<<' is not marked as EOG
llm_load_vocab: control token:   1278 '>>UNUSED_1152<<' is not marked as EOG
llm_load_vocab: control token:    894 '>>UNUSED_768<<' is not marked as EOG
llm_load_vocab: control token:    597 '>>UNUSED_471<<' is not marked as EOG
llm_load_vocab: control token:    709 '>>UNUSED_583<<' is not marked as EOG
llm_load_vocab: control token:    192 '>>UNUSED_66<<' is not marked as EOG
llm_load_vocab: control token:   1654 '>>UNUSED_1528<<' is not marked as EOG
llm_load_vocab: control token:    592 '>>UNUSED_466<<' is not marked as EOG
llm_load_vocab: control token:   1538 '>>UNUSED_1412<<' is not marked as EOG
llm_load_vocab: control token:   1841 '>>UNUSED_1715<<' is not marked as EOG
llm_load_vocab: control token:   1694 '>>UNUSED_1568<<' is not marked as EOG
llm_load_vocab: control token:   1755 '>>UNUSED_1629<<' is not marked as EOG
llm_load_vocab: control token:   1161 '>>UNUSED_1035<<' is not marked as EOG
llm_load_vocab: control token:    833 '>>UNUSED_707<<' is not marked as EOG
llm_load_vocab: control token:    774 '>>UNUSED_648<<' is not marked as EOG
llm_load_vocab: control token:    131 '>>UNUSED_5<<' is not marked as EOG
llm_load_vocab: control token:    825 '>>UNUSED_699<<' is not marked as EOG
llm_load_vocab: control token:    549 '>>UNUSED_423<<' is not marked as EOG
llm_load_vocab: control token:    336 '>>UNUSED_210<<' is not marked as EOG
llm_load_vocab: control token:   1586 '>>UNUSED_1460<<' is not marked as EOG
llm_load_vocab: control token:   1979 '>>UNUSED_1853<<' is not marked as EOG
llm_load_vocab: control token:    520 '>>UNUSED_394<<' is not marked as EOG
llm_load_vocab: control token:   1972 '>>UNUSED_1846<<' is not marked as EOG
llm_load_vocab: control token:   1722 '>>UNUSED_1596<<' is not marked as EOG
llm_load_vocab: control token:    159 '>>UNUSED_33<<' is not marked as EOG
llm_load_vocab: control token:    400 '>>UNUSED_274<<' is not marked as EOG
llm_load_vocab: control token:    474 '>>UNUSED_348<<' is not marked as EOG
llm_load_vocab: control token:   1944 '>>UNUSED_1818<<' is not marked as EOG
llm_load_vocab: control token:   1298 '>>UNUSED_1172<<' is not marked as EOG
llm_load_vocab: control token:     44 '>>POS_18<<' is not marked as EOG
llm_load_vocab: control token:   1413 '>>UNUSED_1287<<' is not marked as EOG
llm_load_vocab: control token:   1180 '>>UNUSED_1054<<' is not marked as EOG
llm_load_vocab: control token:   1779 '>>UNUSED_1653<<' is not marked as EOG
llm_load_vocab: control token:   1889 '>>UNUSED_1763<<' is not marked as EOG
llm_load_vocab: control token:   1045 '>>UNUSED_919<<' is not marked as EOG
llm_load_vocab: control token:    286 '>>UNUSED_160<<' is not marked as EOG
llm_load_vocab: control token:   1535 '>>UNUSED_1409<<' is not marked as EOG
llm_load_vocab: control token:   1984 '>>UNUSED_1858<<' is not marked as EOG
llm_load_vocab: control token:    452 '>>UNUSED_326<<' is not marked as EOG
llm_load_vocab: control token:    308 '>>UNUSED_182<<' is not marked as EOG
llm_load_vocab: control token:    253 '>>UNUSED_127<<' is not marked as EOG
llm_load_vocab: control token:   1860 '>>UNUSED_1734<<' is not marked as EOG
llm_load_vocab: control token:   1068 '>>UNUSED_942<<' is not marked as EOG
llm_load_vocab: control token:    861 '>>UNUSED_735<<' is not marked as EOG
llm_load_vocab: control token:   1517 '>>UNUSED_1391<<' is not marked as EOG
llm_load_vocab: control token:    788 '>>UNUSED_662<<' is not marked as EOG
llm_load_vocab: control token:   1134 '>>UNUSED_1008<<' is not marked as EOG
llm_load_vocab: control token:   1997 '>>UNUSED_1871<<' is not marked as EOG
llm_load_vocab: control token:    582 '>>UNUSED_456<<' is not marked as EOG
llm_load_vocab: control token:   1273 '>>UNUSED_1147<<' is not marked as EOG
llm_load_vocab: control token:   1305 '>>UNUSED_1179<<' is not marked as EOG
llm_load_vocab: control token:    533 '>>UNUSED_407<<' is not marked as EOG
llm_load_vocab: control token:   1726 '>>UNUSED_1600<<' is not marked as EOG
llm_load_vocab: control token:   1055 '>>UNUSED_929<<' is not marked as EOG
llm_load_vocab: control token:    345 '>>UNUSED_219<<' is not marked as EOG
llm_load_vocab: control token:    973 '>>UNUSED_847<<' is not marked as EOG
llm_load_vocab: control token:    490 '>>UNUSED_364<<' is not marked as EOG
llm_load_vocab: control token:   1030 '>>UNUSED_904<<' is not marked as EOG
llm_load_vocab: control token:    470 '>>UNUSED_344<<' is not marked as EOG
llm_load_vocab: control token:   1629 '>>UNUSED_1503<<' is not marked as EOG
llm_load_vocab: control token:   1605 '>>UNUSED_1479<<' is not marked as EOG
llm_load_vocab: control token:    921 '>>UNUSED_795<<' is not marked as EOG
llm_load_vocab: control token:   1580 '>>UNUSED_1454<<' is not marked as EOG
llm_load_vocab: control token:    136 '>>UNUSED_10<<' is not marked as EOG
llm_load_vocab: control token:    782 '>>UNUSED_656<<' is not marked as EOG
llm_load_vocab: control token:   1829 '>>UNUSED_1703<<' is not marked as EOG
llm_load_vocab: control token:    193 '>>UNUSED_67<<' is not marked as EOG
llm_load_vocab: control token:    148 '>>UNUSED_22<<' is not marked as EOG
llm_load_vocab: control token:   1598 '>>UNUSED_1472<<' is not marked as EOG
llm_load_vocab: control token:   1197 '>>UNUSED_1071<<' is not marked as EOG
llm_load_vocab: control token:   1634 '>>UNUSED_1508<<' is not marked as EOG
llm_load_vocab: control token:    889 '>>UNUSED_763<<' is not marked as EOG
llm_load_vocab: control token:   1101 '>>UNUSED_975<<' is not marked as EOG
llm_load_vocab: control token:   1959 '>>UNUSED_1833<<' is not marked as EOG
llm_load_vocab: control token:   1096 '>>UNUSED_970<<' is not marked as EOG
llm_load_vocab: control token:   1680 '>>UNUSED_1554<<' is not marked as EOG
llm_load_vocab: control token:   1824 '>>UNUSED_1698<<' is not marked as EOG
llm_load_vocab: control token:   1014 '>>UNUSED_888<<' is not marked as EOG
llm_load_vocab: control token:   1088 '>>UNUSED_962<<' is not marked as EOG
llm_load_vocab: control token:     67 '>>POS_41<<' is not marked as EOG
llm_load_vocab: control token:   1121 '>>UNUSED_995<<' is not marked as EOG
llm_load_vocab: control token:   1343 '>>UNUSED_1217<<' is not marked as EOG
llm_load_vocab: control token:   1849 '>>UNUSED_1723<<' is not marked as EOG
llm_load_vocab: control token:   1718 '>>UNUSED_1592<<' is not marked as EOG
llm_load_vocab: control token:   1970 '>>UNUSED_1844<<' is not marked as EOG
llm_load_vocab: control token:   1711 '>>UNUSED_1585<<' is not marked as EOG
llm_load_vocab: control token:    988 '>>UNUSED_862<<' is not marked as EOG
llm_load_vocab: control token:   1143 '>>UNUSED_1017<<' is not marked as EOG
llm_load_vocab: control token:   1505 '>>UNUSED_1379<<' is not marked as EOG
llm_load_vocab: control token:   1965 '>>UNUSED_1839<<' is not marked as EOG
llm_load_vocab: control token:    992 '>>UNUSED_866<<' is not marked as EOG
llm_load_vocab: control token:   1626 '>>UNUSED_1500<<' is not marked as EOG
llm_load_vocab: control token:   1885 '>>UNUSED_1759<<' is not marked as EOG
llm_load_vocab: control token:   1449 '>>UNUSED_1323<<' is not marked as EOG
llm_load_vocab: control token:   1878 '>>UNUSED_1752<<' is not marked as EOG
llm_load_vocab: control token:   1927 '>>UNUSED_1801<<' is not marked as EOG
llm_load_vocab: control token:    547 '>>UNUSED_421<<' is not marked as EOG
llm_load_vocab: control token:    974 '>>UNUSED_848<<' is not marked as EOG
llm_load_vocab: control token:    524 '>>UNUSED_398<<' is not marked as EOG
llm_load_vocab: control token:    641 '>>UNUSED_515<<' is not marked as EOG
llm_load_vocab: control token:   1076 '>>UNUSED_950<<' is not marked as EOG
llm_load_vocab: control token:   1287 '>>UNUSED_1161<<' is not marked as EOG
llm_load_vocab: control token:    888 '>>UNUSED_762<<' is not marked as EOG
llm_load_vocab: control token:    976 '>>UNUSED_850<<' is not marked as EOG
llm_load_vocab: control token:   1660 '>>UNUSED_1534<<' is not marked as EOG
llm_load_vocab: control token:    451 '>>UNUSED_325<<' is not marked as EOG
llm_load_vocab: control token:    849 '>>UNUSED_723<<' is not marked as EOG
llm_load_vocab: control token:   1594 '>>UNUSED_1468<<' is not marked as EOG
llm_load_vocab: control token:    229 '>>UNUSED_103<<' is not marked as EOG
llm_load_vocab: control token:   1876 '>>UNUSED_1750<<' is not marked as EOG
llm_load_vocab: control token:    903 '>>UNUSED_777<<' is not marked as EOG
llm_load_vocab: control token:   1247 '>>UNUSED_1121<<' is not marked as EOG
llm_load_vocab: control token:    697 '>>UNUSED_571<<' is not marked as EOG
llm_load_vocab: control token:   1274 '>>UNUSED_1148<<' is not marked as EOG
llm_load_vocab: control token:   1559 '>>UNUSED_1433<<' is not marked as EOG
llm_load_vocab: control token:   1610 '>>UNUSED_1484<<' is not marked as EOG
llm_load_vocab: control token:      5 '>>ANSWER<<' is not marked as EOG
llm_load_vocab: control token:    457 '>>UNUSED_331<<' is not marked as EOG
llm_load_vocab: control token:   1349 '>>UNUSED_1223<<' is not marked as EOG
llm_load_vocab: control token:   1493 '>>UNUSED_1367<<' is not marked as EOG
llm_load_vocab: control token:   1812 '>>UNUSED_1686<<' is not marked as EOG
llm_load_vocab: control token:   1258 '>>UNUSED_1132<<' is not marked as EOG
llm_load_vocab: control token:   1877 '>>UNUSED_1751<<' is not marked as EOG
llm_load_vocab: control token:   1065 '>>UNUSED_939<<' is not marked as EOG
llm_load_vocab: control token:   1880 '>>UNUSED_1754<<' is not marked as EOG
llm_load_vocab: control token:   1760 '>>UNUSED_1634<<' is not marked as EOG
llm_load_vocab: control token:   1562 '>>UNUSED_1436<<' is not marked as EOG
llm_load_vocab: control token:   1254 '>>UNUSED_1128<<' is not marked as EOG
llm_load_vocab: control token:   1890 '>>UNUSED_1764<<' is not marked as EOG
llm_load_vocab: control token:    422 '>>UNUSED_296<<' is not marked as EOG
llm_load_vocab: control token:   1409 '>>UNUSED_1283<<' is not marked as EOG
llm_load_vocab: control token:    744 '>>UNUSED_618<<' is not marked as EOG
llm_load_vocab: control token:   1853 '>>UNUSED_1727<<' is not marked as EOG
llm_load_vocab: control token:   1750 '>>UNUSED_1624<<' is not marked as EOG
llm_load_vocab: control token:    543 '>>UNUSED_417<<' is not marked as EOG
llm_load_vocab: control token:    900 '>>UNUSED_774<<' is not marked as EOG
llm_load_vocab: control token:   1266 '>>UNUSED_1140<<' is not marked as EOG
llm_load_vocab: control token:    267 '>>UNUSED_141<<' is not marked as EOG
llm_load_vocab: control token:    292 '>>UNUSED_166<<' is not marked as EOG
llm_load_vocab: control token:     94 '>>POS_68<<' is not marked as EOG
llm_load_vocab: control token:    663 '>>UNUSED_537<<' is not marked as EOG
llm_load_vocab: control token:    935 '>>UNUSED_809<<' is not marked as EOG
llm_load_vocab: control token:    927 '>>UNUSED_801<<' is not marked as EOG
llm_load_vocab: control token:   1483 '>>UNUSED_1357<<' is not marked as EOG
llm_load_vocab: control token:    795 '>>UNUSED_669<<' is not marked as EOG
llm_load_vocab: control token:   1907 '>>UNUSED_1781<<' is not marked as EOG
llm_load_vocab: control token:   1813 '>>UNUSED_1687<<' is not marked as EOG
llm_load_vocab: control token:   1092 '>>UNUSED_966<<' is not marked as EOG
llm_load_vocab: control token:    489 '>>UNUSED_363<<' is not marked as EOG
llm_load_vocab: control token:   1620 '>>UNUSED_1494<<' is not marked as EOG
llm_load_vocab: control token:    313 '>>UNUSED_187<<' is not marked as EOG
llm_load_vocab: control token:    272 '>>UNUSED_146<<' is not marked as EOG
llm_load_vocab: control token:   1169 '>>UNUSED_1043<<' is not marked as EOG
llm_load_vocab: control token:    958 '>>UNUSED_832<<' is not marked as EOG
llm_load_vocab: control token:    741 '>>UNUSED_615<<' is not marked as EOG
llm_load_vocab: control token:   1643 '>>UNUSED_1517<<' is not marked as EOG
llm_load_vocab: control token:    906 '>>UNUSED_780<<' is not marked as EOG
llm_load_vocab: control token:    124 '>>POS_98<<' is not marked as EOG
llm_load_vocab: control token:    648 '>>UNUSED_522<<' is not marked as EOG
llm_load_vocab: control token:   1364 '>>UNUSED_1238<<' is not marked as EOG
llm_load_vocab: control token:   1249 '>>UNUSED_1123<<' is not marked as EOG
llm_load_vocab: control token:    414 '>>UNUSED_288<<' is not marked as EOG
llm_load_vocab: control token:    531 '>>UNUSED_405<<' is not marked as EOG
llm_load_vocab: control token:   1519 '>>UNUSED_1393<<' is not marked as EOG
llm_load_vocab: control token:   1473 '>>UNUSED_1347<<' is not marked as EOG
llm_load_vocab: control token:     45 '>>POS_19<<' is not marked as EOG
llm_load_vocab: control token:    807 '>>UNUSED_681<<' is not marked as EOG
llm_load_vocab: control token:    985 '>>UNUSED_859<<' is not marked as EOG
llm_load_vocab: control token:   1232 '>>UNUSED_1106<<' is not marked as EOG
llm_load_vocab: control token:   1637 '>>UNUSED_1511<<' is not marked as EOG
llm_load_vocab: control token:    721 '>>UNUSED_595<<' is not marked as EOG
llm_load_vocab: control token:   1064 '>>UNUSED_938<<' is not marked as EOG
llm_load_vocab: control token:   1086 '>>UNUSED_960<<' is not marked as EOG
llm_load_vocab: control token:    265 '>>UNUSED_139<<' is not marked as EOG
llm_load_vocab: control token:    636 '>>UNUSED_510<<' is not marked as EOG
llm_load_vocab: control token:    534 '>>UNUSED_408<<' is not marked as EOG
llm_load_vocab: control token:   1603 '>>UNUSED_1477<<' is not marked as EOG
llm_load_vocab: control token:    926 '>>UNUSED_800<<' is not marked as EOG
llm_load_vocab: control token:    808 '>>UNUSED_682<<' is not marked as EOG
llm_load_vocab: control token:   1522 '>>UNUSED_1396<<' is not marked as EOG
llm_load_vocab: control token:   1719 '>>UNUSED_1593<<' is not marked as EOG
llm_load_vocab: control token:   1327 '>>UNUSED_1201<<' is not marked as EOG
llm_load_vocab: control token:    722 '>>UNUSED_596<<' is not marked as EOG
llm_load_vocab: control token:   1436 '>>UNUSED_1310<<' is not marked as EOG
llm_load_vocab: control token:   1318 '>>UNUSED_1192<<' is not marked as EOG
llm_load_vocab: control token:   1914 '>>UNUSED_1788<<' is not marked as EOG
llm_load_vocab: control token:   1048 '>>UNUSED_922<<' is not marked as EOG
llm_load_vocab: control token:    140 '>>UNUSED_14<<' is not marked as EOG
llm_load_vocab: control token:   1916 '>>UNUSED_1790<<' is not marked as EOG
llm_load_vocab: control token:    289 '>>UNUSED_163<<' is not marked as EOG
llm_load_vocab: control token:   1424 '>>UNUSED_1298<<' is not marked as EOG
llm_load_vocab: control token:     31 '>>POS_5<<' is not marked as EOG
llm_load_vocab: control token:   1578 '>>UNUSED_1452<<' is not marked as EOG
llm_load_vocab: control token:    239 '>>UNUSED_113<<' is not marked as EOG
llm_load_vocab: control token:    488 '>>UNUSED_362<<' is not marked as EOG
llm_load_vocab: control token:    815 '>>UNUSED_689<<' is not marked as EOG
llm_load_vocab: control token:   1128 '>>UNUSED_1002<<' is not marked as EOG
llm_load_vocab: control token:   1568 '>>UNUSED_1442<<' is not marked as EOG
llm_load_vocab: control token:    750 '>>UNUSED_624<<' is not marked as EOG
llm_load_vocab: control token:    476 '>>UNUSED_350<<' is not marked as EOG
llm_load_vocab: control token:   1531 '>>UNUSED_1405<<' is not marked as EOG
llm_load_vocab: control token:   1042 '>>UNUSED_916<<' is not marked as EOG
llm_load_vocab: control token:   1135 '>>UNUSED_1009<<' is not marked as EOG
llm_load_vocab: control token:     87 '>>POS_61<<' is not marked as EOG
llm_load_vocab: control token:   1013 '>>UNUSED_887<<' is not marked as EOG
llm_load_vocab: control token:   2003 '>>UNUSED_1877<<' is not marked as EOG
llm_load_vocab: control token:   1971 '>>UNUSED_1845<<' is not marked as EOG
llm_load_vocab: control token:   1496 '>>UNUSED_1370<<' is not marked as EOG
llm_load_vocab: control token:    801 '>>UNUSED_675<<' is not marked as EOG
llm_load_vocab: control token:    184 '>>UNUSED_58<<' is not marked as EOG
llm_load_vocab: control token:   1061 '>>UNUSED_935<<' is not marked as EOG
llm_load_vocab: control token:    221 '>>UNUSED_95<<' is not marked as EOG
llm_load_vocab: control token:   1089 '>>UNUSED_963<<' is not marked as EOG
llm_load_vocab: control token:   1864 '>>UNUSED_1738<<' is not marked as EOG
llm_load_vocab: control token:   1131 '>>UNUSED_1005<<' is not marked as EOG
llm_load_vocab: control token:   1749 '>>UNUSED_1623<<' is not marked as EOG
llm_load_vocab: control token:    431 '>>UNUSED_305<<' is not marked as EOG
llm_load_vocab: control token:    338 '>>UNUSED_212<<' is not marked as EOG
llm_load_vocab: control token:    899 '>>UNUSED_773<<' is not marked as EOG
llm_load_vocab: control token:    572 '>>UNUSED_446<<' is not marked as EOG
llm_load_vocab: control token:    622 '>>UNUSED_496<<' is not marked as EOG
llm_load_vocab: control token:   1857 '>>UNUSED_1731<<' is not marked as EOG
llm_load_vocab: control token:   1835 '>>UNUSED_1709<<' is not marked as EOG
llm_load_vocab: control token:    113 '>>POS_87<<' is not marked as EOG
llm_load_vocab: control token:    759 '>>UNUSED_633<<' is not marked as EOG
llm_load_vocab: control token:   1411 '>>UNUSED_1285<<' is not marked as EOG
llm_load_vocab: control token:   1942 '>>UNUSED_1816<<' is not marked as EOG
llm_load_vocab: control token:    255 '>>UNUSED_129<<' is not marked as EOG
llm_load_vocab: control token:    224 '>>UNUSED_98<<' is not marked as EOG
llm_load_vocab: control token:    536 '>>UNUSED_410<<' is not marked as EOG
llm_load_vocab: control token:    256 '>>UNUSED_130<<' is not marked as EOG
llm_load_vocab: control token:    368 '>>UNUSED_242<<' is not marked as EOG
llm_load_vocab: control token:   1908 '>>UNUSED_1782<<' is not marked as EOG
llm_load_vocab: control token:    937 '>>UNUSED_811<<' is not marked as EOG
llm_load_vocab: control token:   1823 '>>UNUSED_1697<<' is not marked as EOG
llm_load_vocab: control token:   1260 '>>UNUSED_1134<<' is not marked as EOG
llm_load_vocab: control token:   1549 '>>UNUSED_1423<<' is not marked as EOG
llm_load_vocab: control token:   1786 '>>UNUSED_1660<<' is not marked as EOG
llm_load_vocab: control token:    579 '>>UNUSED_453<<' is not marked as EOG
llm_load_vocab: control token:   1447 '>>UNUSED_1321<<' is not marked as EOG
llm_load_vocab: control token:    227 '>>UNUSED_101<<' is not marked as EOG
llm_load_vocab: control token:    495 '>>UNUSED_369<<' is not marked as EOG
llm_load_vocab: control token:    226 '>>UNUSED_100<<' is not marked as EOG
llm_load_vocab: control token:    961 '>>UNUSED_835<<' is not marked as EOG
llm_load_vocab: control token:    485 '>>UNUSED_359<<' is not marked as EOG
llm_load_vocab: control token:   1946 '>>UNUSED_1820<<' is not marked as EOG
llm_load_vocab: control token:    214 '>>UNUSED_88<<' is not marked as EOG
llm_load_vocab: control token:    891 '>>UNUSED_765<<' is not marked as EOG
llm_load_vocab: control token:    362 '>>UNUSED_236<<' is not marked as EOG
llm_load_vocab: control token:   1122 '>>UNUSED_996<<' is not marked as EOG
llm_load_vocab: control token:    529 '>>UNUSED_403<<' is not marked as EOG
llm_load_vocab: control token:   1277 '>>UNUSED_1151<<' is not marked as EOG
llm_load_vocab: control token:   1456 '>>UNUSED_1330<<' is not marked as EOG
llm_load_vocab: control token:   1796 '>>UNUSED_1670<<' is not marked as EOG
llm_load_vocab: control token:    392 '>>UNUSED_266<<' is not marked as EOG
llm_load_vocab: control token:    250 '>>UNUSED_124<<' is not marked as EOG
llm_load_vocab: control token:    182 '>>UNUSED_56<<' is not marked as EOG
llm_load_vocab: control token:    210 '>>UNUSED_84<<' is not marked as EOG
llm_load_vocab: control token:   1098 '>>UNUSED_972<<' is not marked as EOG
llm_load_vocab: control token:   1310 '>>UNUSED_1184<<' is not marked as EOG
llm_load_vocab: control token:   1618 '>>UNUSED_1492<<' is not marked as EOG
llm_load_vocab: control token:    672 '>>UNUSED_546<<' is not marked as EOG
llm_load_vocab: control token:    871 '>>UNUSED_745<<' is not marked as EOG
llm_load_vocab: control token:    471 '>>UNUSED_345<<' is not marked as EOG
llm_load_vocab: control token:    681 '>>UNUSED_555<<' is not marked as EOG
llm_load_vocab: control token:    826 '>>UNUSED_700<<' is not marked as EOG
llm_load_vocab: control token:   1482 '>>UNUSED_1356<<' is not marked as EOG
llm_load_vocab: control token:    577 '>>UNUSED_451<<' is not marked as EOG
llm_load_vocab: control token:    998 '>>UNUSED_872<<' is not marked as EOG
llm_load_vocab: control token:   1147 '>>UNUSED_1021<<' is not marked as EOG
llm_load_vocab: control token:    700 '>>UNUSED_574<<' is not marked as EOG
llm_load_vocab: control token:   1272 '>>UNUSED_1146<<' is not marked as EOG
llm_load_vocab: control token:   1863 '>>UNUSED_1737<<' is not marked as EOG
llm_load_vocab: control token:   1170 '>>UNUSED_1044<<' is not marked as EOG
llm_load_vocab: control token:   1309 '>>UNUSED_1183<<' is not marked as EOG
llm_load_vocab: control token:    904 '>>UNUSED_778<<' is not marked as EOG
llm_load_vocab: control token:   1931 '>>UNUSED_1805<<' is not marked as EOG
llm_load_vocab: control token:    691 '>>UNUSED_565<<' is not marked as EOG
llm_load_vocab: control token:    806 '>>UNUSED_680<<' is not marked as EOG
llm_load_vocab: control token:    312 '>>UNUSED_186<<' is not marked as EOG
llm_load_vocab: control token:   1898 '>>UNUSED_1772<<' is not marked as EOG
llm_load_vocab: control token:   1154 '>>UNUSED_1028<<' is not marked as EOG
llm_load_vocab: control token:   1308 '>>UNUSED_1182<<' is not marked as EOG
llm_load_vocab: control token:    783 '>>UNUSED_657<<' is not marked as EOG
llm_load_vocab: control token:   1998 '>>UNUSED_1872<<' is not marked as EOG
llm_load_vocab: control token:   1875 '>>UNUSED_1749<<' is not marked as EOG
llm_load_vocab: control token:    685 '>>UNUSED_559<<' is not marked as EOG
llm_load_vocab: control token:   1686 '>>UNUSED_1560<<' is not marked as EOG
llm_load_vocab: control token:   1330 '>>UNUSED_1204<<' is not marked as EOG
llm_load_vocab: control token:   1536 '>>UNUSED_1410<<' is not marked as EOG
llm_load_vocab: control token:   1434 '>>UNUSED_1308<<' is not marked as EOG
llm_load_vocab: control token:    635 '>>UNUSED_509<<' is not marked as EOG
llm_load_vocab: control token:    231 '>>UNUSED_105<<' is not marked as EOG
llm_load_vocab: control token:   1382 '>>UNUSED_1256<<' is not marked as EOG
llm_load_vocab: control token:   1022 '>>UNUSED_896<<' is not marked as EOG
llm_load_vocab: control token:   1319 '>>UNUSED_1193<<' is not marked as EOG
llm_load_vocab: control token:   1995 '>>UNUSED_1869<<' is not marked as EOG
llm_load_vocab: control token:   1046 '>>UNUSED_920<<' is not marked as EOG
llm_load_vocab: control token:   1012 '>>UNUSED_886<<' is not marked as EOG
llm_load_vocab: control token:    410 '>>UNUSED_284<<' is not marked as EOG
llm_load_vocab: control token:     52 '>>POS_26<<' is not marked as EOG
llm_load_vocab: control token:     73 '>>POS_47<<' is not marked as EOG
llm_load_vocab: control token:   1313 '>>UNUSED_1187<<' is not marked as EOG
llm_load_vocab: control token:   1194 '>>UNUSED_1068<<' is not marked as EOG
llm_load_vocab: control token:   1111 '>>UNUSED_985<<' is not marked as EOG
llm_load_vocab: control token:    877 '>>UNUSED_751<<' is not marked as EOG
llm_load_vocab: control token:   1804 '>>UNUSED_1678<<' is not marked as EOG
llm_load_vocab: control token:    793 '>>UNUSED_667<<' is not marked as EOG
llm_load_vocab: control token:   1776 '>>UNUSED_1650<<' is not marked as EOG
llm_load_vocab: control token:    670 '>>UNUSED_544<<' is not marked as EOG
llm_load_vocab: control token:    667 '>>UNUSED_541<<' is not marked as EOG
llm_load_vocab: control token:    108 '>>POS_82<<' is not marked as EOG
llm_load_vocab: control token:   1345 '>>UNUSED_1219<<' is not marked as EOG
llm_load_vocab: control token:   1097 '>>UNUSED_971<<' is not marked as EOG
llm_load_vocab: control token:   1203 '>>UNUSED_1077<<' is not marked as EOG
llm_load_vocab: control token:   1966 '>>UNUSED_1840<<' is not marked as EOG
llm_load_vocab: control token:    353 '>>UNUSED_227<<' is not marked as EOG
llm_load_vocab: control token:   1025 '>>UNUSED_899<<' is not marked as EOG
llm_load_vocab: control token:    104 '>>POS_78<<' is not marked as EOG
llm_load_vocab: control token:   1913 '>>UNUSED_1787<<' is not marked as EOG
llm_load_vocab: control token:   2002 '>>UNUSED_1876<<' is not marked as EOG
llm_load_vocab: control token:   1060 '>>UNUSED_934<<' is not marked as EOG
llm_load_vocab: control token:    505 '>>UNUSED_379<<' is not marked as EOG
llm_load_vocab: control token:    468 '>>UNUSED_342<<' is not marked as EOG
llm_load_vocab: control token:    880 '>>UNUSED_754<<' is not marked as EOG
llm_load_vocab: control token:     54 '>>POS_28<<' is not marked as EOG
llm_load_vocab: control token:   1818 '>>UNUSED_1692<<' is not marked as EOG
llm_load_vocab: control token:     70 '>>POS_44<<' is not marked as EOG
llm_load_vocab: control token:   1149 '>>UNUSED_1023<<' is not marked as EOG
llm_load_vocab: control token:   1659 '>>UNUSED_1533<<' is not marked as EOG
llm_load_vocab: control token:   1668 '>>UNUSED_1542<<' is not marked as EOG
llm_load_vocab: control token:    614 '>>UNUSED_488<<' is not marked as EOG
llm_load_vocab: control token:    514 '>>UNUSED_388<<' is not marked as EOG
llm_load_vocab: control token:   1114 '>>UNUSED_988<<' is not marked as EOG
llm_load_vocab: control token:   2021 '>>UNUSED_1895<<' is not marked as EOG
llm_load_vocab: control token:    933 '>>UNUSED_807<<' is not marked as EOG
llm_load_vocab: control token:   1007 '>>UNUSED_881<<' is not marked as EOG
llm_load_vocab: control token:   1352 '>>UNUSED_1226<<' is not marked as EOG
llm_load_vocab: control token:   1368 '>>UNUSED_1242<<' is not marked as EOG
llm_load_vocab: control token:   1564 '>>UNUSED_1438<<' is not marked as EOG
llm_load_vocab: control token:    967 '>>UNUSED_841<<' is not marked as EOG
llm_load_vocab: control token:   1537 '>>UNUSED_1411<<' is not marked as EOG
llm_load_vocab: control token:     95 '>>POS_69<<' is not marked as EOG
llm_load_vocab: control token:    600 '>>UNUSED_474<<' is not marked as EOG
llm_load_vocab: control token:   1720 '>>UNUSED_1594<<' is not marked as EOG
llm_load_vocab: control token:   1032 '>>UNUSED_906<<' is not marked as EOG
llm_load_vocab: control token:   1540 '>>UNUSED_1414<<' is not marked as EOG
llm_load_vocab: control token:    506 '>>UNUSED_380<<' is not marked as EOG
llm_load_vocab: control token:    121 '>>POS_95<<' is not marked as EOG
llm_load_vocab: control token:   1174 '>>UNUSED_1048<<' is not marked as EOG
llm_load_vocab: control token:    604 '>>UNUSED_478<<' is not marked as EOG
llm_load_vocab: control token:     78 '>>POS_52<<' is not marked as EOG
llm_load_vocab: control token:   1993 '>>UNUSED_1867<<' is not marked as EOG
llm_load_vocab: control token:   1867 '>>UNUSED_1741<<' is not marked as EOG
llm_load_vocab: control token:   1617 '>>UNUSED_1491<<' is not marked as EOG
llm_load_vocab: control token:   1188 '>>UNUSED_1062<<' is not marked as EOG
llm_load_vocab: control token:   1389 '>>UNUSED_1263<<' is not marked as EOG
llm_load_vocab: control token:   1572 '>>UNUSED_1446<<' is not marked as EOG
llm_load_vocab: control token:    428 '>>UNUSED_302<<' is not marked as EOG
llm_load_vocab: control token:    842 '>>UNUSED_716<<' is not marked as EOG
llm_load_vocab: control token:    283 '>>UNUSED_157<<' is not marked as EOG
llm_load_vocab: control token:   1628 '>>UNUSED_1502<<' is not marked as EOG
llm_load_vocab: control token:    135 '>>UNUSED_9<<' is not marked as EOG
llm_load_vocab: control token:    496 '>>UNUSED_370<<' is not marked as EOG
llm_load_vocab: control token:   1655 '>>UNUSED_1529<<' is not marked as EOG
llm_load_vocab: control token:   1052 '>>UNUSED_926<<' is not marked as EOG
llm_load_vocab: control token:    621 '>>UNUSED_495<<' is not marked as EOG
llm_load_vocab: control token:    787 '>>UNUSED_661<<' is not marked as EOG
llm_load_vocab: control token:   2015 '>>UNUSED_1889<<' is not marked as EOG
llm_load_vocab: control token:   1667 '>>UNUSED_1541<<' is not marked as EOG
llm_load_vocab: control token:    363 '>>UNUSED_237<<' is not marked as EOG
llm_load_vocab: control token:   1123 '>>UNUSED_997<<' is not marked as EOG
llm_load_vocab: control token:    928 '>>UNUSED_802<<' is not marked as EOG
llm_load_vocab: control token:    779 '>>UNUSED_653<<' is not marked as EOG
llm_load_vocab: control token:      3 '>>SUMMARY<<' is not marked as EOG
llm_load_vocab: control token:   1406 '>>UNUSED_1280<<' is not marked as EOG
llm_load_vocab: control token:   2020 '>>UNUSED_1894<<' is not marked as EOG
llm_load_vocab: control token:    838 '>>UNUSED_712<<' is not marked as EOG
llm_load_vocab: control token:    380 '>>UNUSED_254<<' is not marked as EOG
llm_load_vocab: control token:    994 '>>UNUSED_868<<' is not marked as EOG
llm_load_vocab: control token:     79 '>>POS_53<<' is not marked as EOG
llm_load_vocab: control token:   1532 '>>UNUSED_1406<<' is not marked as EOG
llm_load_vocab: control token:    931 '>>UNUSED_805<<' is not marked as EOG
llm_load_vocab: control token:   1316 '>>UNUSED_1190<<' is not marked as EOG
llm_load_vocab: control token:    946 '>>UNUSED_820<<' is not marked as EOG
llm_load_vocab: control token:    502 '>>UNUSED_376<<' is not marked as EOG
llm_load_vocab: control token:   1044 '>>UNUSED_918<<' is not marked as EOG
llm_load_vocab: control token:   1350 '>>UNUSED_1224<<' is not marked as EOG
llm_load_vocab: control token:   1165 '>>UNUSED_1039<<' is not marked as EOG
llm_load_vocab: control token:    732 '>>UNUSED_606<<' is not marked as EOG
llm_load_vocab: control token:    482 '>>UNUSED_356<<' is not marked as EOG
llm_load_vocab: control token:    845 '>>UNUSED_719<<' is not marked as EOG
llm_load_vocab: control token:   1816 '>>UNUSED_1690<<' is not marked as EOG
llm_load_vocab: control token:   1652 '>>UNUSED_1526<<' is not marked as EOG
llm_load_vocab: control token:   1556 '>>UNUSED_1430<<' is not marked as EOG
llm_load_vocab: control token:   1326 '>>UNUSED_1200<<' is not marked as EOG
llm_load_vocab: control token:   1021 '>>UNUSED_895<<' is not marked as EOG
llm_load_vocab: control token:   1953 '>>UNUSED_1827<<' is not marked as EOG
llm_load_vocab: control token:    862 '>>UNUSED_736<<' is not marked as EOG
llm_load_vocab: control token:   1716 '>>UNUSED_1590<<' is not marked as EOG
llm_load_vocab: control token:    493 '>>UNUSED_367<<' is not marked as EOG
llm_load_vocab: control token:   1462 '>>UNUSED_1336<<' is not marked as EOG
llm_load_vocab: control token:   1968 '>>UNUSED_1842<<' is not marked as EOG
llm_load_vocab: control token:   1337 '>>UNUSED_1211<<' is not marked as EOG
llm_load_vocab: control token:    115 '>>POS_89<<' is not marked as EOG
llm_load_vocab: control token:   1244 '>>UNUSED_1118<<' is not marked as EOG
llm_load_vocab: control token:   1766 '>>UNUSED_1640<<' is not marked as EOG
llm_load_vocab: control token:   1768 '>>UNUSED_1642<<' is not marked as EOG
llm_load_vocab: control token:    201 '>>UNUSED_75<<' is not marked as EOG
llm_load_vocab: control token:   1335 '>>UNUSED_1209<<' is not marked as EOG
llm_load_vocab: control token:   1358 '>>UNUSED_1232<<' is not marked as EOG
llm_load_vocab: control token:   1666 '>>UNUSED_1540<<' is not marked as EOG
llm_load_vocab: control token:   1947 '>>UNUSED_1821<<' is not marked as EOG
llm_load_vocab: control token:   1414 '>>UNUSED_1288<<' is not marked as EOG
llm_load_vocab: control token:     34 '>>POS_8<<' is not marked as EOG
llm_load_vocab: control token:   1172 '>>UNUSED_1046<<' is not marked as EOG
llm_load_vocab: control token:     89 '>>POS_63<<' is not marked as EOG
llm_load_vocab: control token:    383 '>>UNUSED_257<<' is not marked as EOG
llm_load_vocab: control token:   1525 '>>UNUSED_1399<<' is not marked as EOG
llm_load_vocab: control token:   1981 '>>UNUSED_1855<<' is not marked as EOG
llm_load_vocab: control token:    866 '>>UNUSED_740<<' is not marked as EOG
llm_load_vocab: control token:   1793 '>>UNUSED_1667<<' is not marked as EOG
llm_load_vocab: control token:    591 '>>UNUSED_465<<' is not marked as EOG
llm_load_vocab: control token:    483 '>>UNUSED_357<<' is not marked as EOG
llm_load_vocab: control token:    257 '>>UNUSED_131<<' is not marked as EOG
llm_load_vocab: control token:   1280 '>>UNUSED_1154<<' is not marked as EOG
llm_load_vocab: control token:    747 '>>UNUSED_621<<' is not marked as EOG
llm_load_vocab: control token:   1093 '>>UNUSED_967<<' is not marked as EOG
llm_load_vocab: control token:    526 '>>UNUSED_400<<' is not marked as EOG
llm_load_vocab: control token:   1371 '>>UNUSED_1245<<' is not marked as EOG
llm_load_vocab: control token:   1311 '>>UNUSED_1185<<' is not marked as EOG
llm_load_vocab: control token:   1679 '>>UNUSED_1553<<' is not marked as EOG
llm_load_vocab: control token:   1723 '>>UNUSED_1597<<' is not marked as EOG
llm_load_vocab: control token:   1146 '>>UNUSED_1020<<' is not marked as EOG
llm_load_vocab: control token:   1178 '>>UNUSED_1052<<' is not marked as EOG
llm_load_vocab: control token:   1588 '>>UNUSED_1462<<' is not marked as EOG
llm_load_vocab: control token:   1094 '>>UNUSED_968<<' is not marked as EOG
llm_load_vocab: control token:    311 '>>UNUSED_185<<' is not marked as EOG
llm_load_vocab: control token:   2012 '>>UNUSED_1886<<' is not marked as EOG
llm_load_vocab: control token:   1051 '>>UNUSED_925<<' is not marked as EOG
llm_load_vocab: control token:    905 '>>UNUSED_779<<' is not marked as EOG
llm_load_vocab: control token:    690 '>>UNUSED_564<<' is not marked as EOG
llm_load_vocab: control token:    340 '>>UNUSED_214<<' is not marked as EOG
llm_load_vocab: control token:    170 '>>UNUSED_44<<' is not marked as EOG
llm_load_vocab: control token:   1261 '>>UNUSED_1135<<' is not marked as EOG
llm_load_vocab: control token:    365 '>>UNUSED_239<<' is not marked as EOG
llm_load_vocab: control token:   1303 '>>UNUSED_1177<<' is not marked as EOG
llm_load_vocab: control token:   1049 '>>UNUSED_923<<' is not marked as EOG
llm_load_vocab: control token:    284 '>>UNUSED_158<<' is not marked as EOG
llm_load_vocab: control token:    503 '>>UNUSED_377<<' is not marked as EOG
llm_load_vocab: control token:   1952 '>>UNUSED_1826<<' is not marked as EOG
llm_load_vocab: control token:    893 '>>UNUSED_767<<' is not marked as EOG
llm_load_vocab: control token:   1688 '>>UNUSED_1562<<' is not marked as EOG
llm_load_vocab: control token:    950 '>>UNUSED_824<<' is not marked as EOG
llm_load_vocab: control token:    607 '>>UNUSED_481<<' is not marked as EOG
llm_load_vocab: control token:   1810 '>>UNUSED_1684<<' is not marked as EOG
llm_load_vocab: control token:   1283 '>>UNUSED_1157<<' is not marked as EOG
llm_load_vocab: control token:    853 '>>UNUSED_727<<' is not marked as EOG
llm_load_vocab: control token:   1591 '>>UNUSED_1465<<' is not marked as EOG
llm_load_vocab: control token:   1158 '>>UNUSED_1032<<' is not marked as EOG
llm_load_vocab: control token:   1765 '>>UNUSED_1639<<' is not marked as EOG
llm_load_vocab: control token:    990 '>>UNUSED_864<<' is not marked as EOG
llm_load_vocab: control token:    850 '>>UNUSED_724<<' is not marked as EOG
llm_load_vocab: control token:   1464 '>>UNUSED_1338<<' is not marked as EOG
llm_load_vocab: control token:    158 '>>UNUSED_32<<' is not marked as EOG
llm_load_vocab: control token:   1802 '>>UNUSED_1676<<' is not marked as EOG
llm_load_vocab: control token:    665 '>>UNUSED_539<<' is not marked as EOG
llm_load_vocab: control token:    884 '>>UNUSED_758<<' is not marked as EOG
llm_load_vocab: control token:    248 '>>UNUSED_122<<' is not marked as EOG
llm_load_vocab: control token:   1676 '>>UNUSED_1550<<' is not marked as EOG
llm_load_vocab: control token:    717 '>>UNUSED_591<<' is not marked as EOG
llm_load_vocab: control token:    804 '>>UNUSED_678<<' is not marked as EOG
llm_load_vocab: control token:   1443 '>>UNUSED_1317<<' is not marked as EOG
llm_load_vocab: control token:    948 '>>UNUSED_822<<' is not marked as EOG
llm_load_vocab: control token:    426 '>>UNUSED_300<<' is not marked as EOG
llm_load_vocab: control token:    616 '>>UNUSED_490<<' is not marked as EOG
llm_load_vocab: control token:    819 '>>UNUSED_693<<' is not marked as EOG
llm_load_vocab: control token:    753 '>>UNUSED_627<<' is not marked as EOG
llm_load_vocab: control token:   1700 '>>UNUSED_1574<<' is not marked as EOG
llm_load_vocab: control token:    329 '>>UNUSED_203<<' is not marked as EOG
llm_load_vocab: control token:    682 '>>UNUSED_556<<' is not marked as EOG
llm_load_vocab: control token:    666 '>>UNUSED_540<<' is not marked as EOG
llm_load_vocab: control token:    559 '>>UNUSED_433<<' is not marked as EOG
llm_load_vocab: control token:     56 '>>POS_30<<' is not marked as EOG
llm_load_vocab: control token:    776 '>>UNUSED_650<<' is not marked as EOG
llm_load_vocab: control token:   1057 '>>UNUSED_931<<' is not marked as EOG
llm_load_vocab: control token:    569 '>>UNUSED_443<<' is not marked as EOG
llm_load_vocab: control token:   1577 '>>UNUSED_1451<<' is not marked as EOG
llm_load_vocab: control token:    354 '>>UNUSED_228<<' is not marked as EOG
llm_load_vocab: control token:   1978 '>>UNUSED_1852<<' is not marked as EOG
llm_load_vocab: control token:    501 '>>UNUSED_375<<' is not marked as EOG
llm_load_vocab: control token:   1377 '>>UNUSED_1251<<' is not marked as EOG
llm_load_vocab: control token:   1359 '>>UNUSED_1233<<' is not marked as EOG
llm_load_vocab: control token:    395 '>>UNUSED_269<<' is not marked as EOG
llm_load_vocab: control token:   1196 '>>UNUSED_1070<<' is not marked as EOG
llm_load_vocab: control token:    977 '>>UNUSED_851<<' is not marked as EOG
llm_load_vocab: control token:    772 '>>UNUSED_646<<' is not marked as EOG
llm_load_vocab: control token:    914 '>>UNUSED_788<<' is not marked as EOG
llm_load_vocab: control token:   1152 '>>UNUSED_1026<<' is not marked as EOG
llm_load_vocab: control token:   1321 '>>UNUSED_1195<<' is not marked as EOG
llm_load_vocab: control token:   1731 '>>UNUSED_1605<<' is not marked as EOG
llm_load_vocab: control token:     99 '>>POS_73<<' is not marked as EOG
llm_load_vocab: control token:    847 '>>UNUSED_721<<' is not marked as EOG
llm_load_vocab: control token:   1466 '>>UNUSED_1340<<' is not marked as EOG
llm_load_vocab: control token:    456 '>>UNUSED_330<<' is not marked as EOG
llm_load_vocab: control token:   1279 '>>UNUSED_1153<<' is not marked as EOG
llm_load_vocab: control token:   1665 '>>UNUSED_1539<<' is not marked as EOG
llm_load_vocab: control token:   2017 '>>UNUSED_1891<<' is not marked as EOG
llm_load_vocab: control token:   1074 '>>UNUSED_948<<' is not marked as EOG
llm_load_vocab: control token:    467 '>>UNUSED_341<<' is not marked as EOG
llm_load_vocab: control token:   1109 '>>UNUSED_983<<' is not marked as EOG
llm_load_vocab: control token:   1150 '>>UNUSED_1024<<' is not marked as EOG
llm_load_vocab: control token:   1255 '>>UNUSED_1129<<' is not marked as EOG
llm_load_vocab: control token:   1164 '>>UNUSED_1038<<' is not marked as EOG
llm_load_vocab: control token:    934 '>>UNUSED_808<<' is not marked as EOG
llm_load_vocab: control token:   1182 '>>UNUSED_1056<<' is not marked as EOG
llm_load_vocab: control token:     27 '>>POS_1<<' is not marked as EOG
llm_load_vocab: control token:    859 '>>UNUSED_733<<' is not marked as EOG
llm_load_vocab: control token:   1126 '>>UNUSED_1000<<' is not marked as EOG
llm_load_vocab: control token:   1264 '>>UNUSED_1138<<' is not marked as EOG
llm_load_vocab: control token:   1524 '>>UNUSED_1398<<' is not marked as EOG
llm_load_vocab: control token:    726 '>>UNUSED_600<<' is not marked as EOG
llm_load_vocab: control token:    525 '>>UNUSED_399<<' is not marked as EOG
llm_load_vocab: control token:    938 '>>UNUSED_812<<' is not marked as EOG
llm_load_vocab: control token:   1990 '>>UNUSED_1864<<' is not marked as EOG
llm_load_vocab: control token:   1803 '>>UNUSED_1677<<' is not marked as EOG
llm_load_vocab: control token:    867 '>>UNUSED_741<<' is not marked as EOG
llm_load_vocab: control token:     21 '>>IP_ADDRESS_7<<' is not marked as EOG
llm_load_vocab: control token:    175 '>>UNUSED_49<<' is not marked as EOG
llm_load_vocab: control token:    720 '>>UNUSED_594<<' is not marked as EOG
llm_load_vocab: control token:   1757 '>>UNUSED_1631<<' is not marked as EOG
llm_load_vocab: control token:   1405 '>>UNUSED_1279<<' is not marked as EOG
llm_load_vocab: control token:   1395 '>>UNUSED_1269<<' is not marked as EOG
llm_load_vocab: control token:    278 '>>UNUSED_152<<' is not marked as EOG
llm_load_vocab: control token:   1125 '>>UNUSED_999<<' is not marked as EOG
llm_load_vocab: control token:   1633 '>>UNUSED_1507<<' is not marked as EOG
llm_load_vocab: control token:   1209 '>>UNUSED_1083<<' is not marked as EOG
llm_load_vocab: control token:    370 '>>UNUSED_244<<' is not marked as EOG
llm_load_vocab: control token:   1201 '>>UNUSED_1075<<' is not marked as EOG
llm_load_vocab: control token:    535 '>>UNUSED_409<<' is not marked as EOG
llm_load_vocab: control token:    166 '>>UNUSED_40<<' is not marked as EOG
llm_load_vocab: control token:    103 '>>POS_77<<' is not marked as EOG
llm_load_vocab: control token:   1825 '>>UNUSED_1699<<' is not marked as EOG
llm_load_vocab: control token:   1391 '>>UNUSED_1265<<' is not marked as EOG
llm_load_vocab: control token:     55 '>>POS_29<<' is not marked as EOG
llm_load_vocab: control token:    698 '>>UNUSED_572<<' is not marked as EOG
llm_load_vocab: control token:    154 '>>UNUSED_28<<' is not marked as EOG
llm_load_vocab: control token:    129 '>>UNUSED_3<<' is not marked as EOG
llm_load_vocab: control token:    132 '>>UNUSED_6<<' is not marked as EOG
llm_load_vocab: control token:   1868 '>>UNUSED_1742<<' is not marked as EOG
llm_load_vocab: control token:   1386 '>>UNUSED_1260<<' is not marked as EOG
llm_load_vocab: control token:    545 '>>UNUSED_419<<' is not marked as EOG
llm_load_vocab: control token:     57 '>>POS_31<<' is not marked as EOG
llm_load_vocab: control token:    733 '>>UNUSED_607<<' is not marked as EOG
llm_load_vocab: control token:     46 '>>POS_20<<' is not marked as EOG
llm_load_vocab: control token:   1695 '>>UNUSED_1569<<' is not marked as EOG
llm_load_vocab: special tokens cache size = 2024
llm_load_vocab: token to piece cache size = 0.8741 MB
llm_load_print_meta: format           = GGUF V3 (latest)
llm_load_print_meta: arch             = llama
llm_load_print_meta: vocab type       = BPE
llm_load_print_meta: n_vocab          = 131072
llm_load_print_meta: n_merges         = 128810
llm_load_print_meta: vocab_only       = 0
llm_load_print_meta: n_ctx_train      = 8192
llm_load_print_meta: n_embd           = 2048
llm_load_print_meta: n_layer          = 18
llm_load_print_meta: n_head           = 8
llm_load_print_meta: n_head_kv        = 4
llm_load_print_meta: n_rot            = 256
llm_load_print_meta: n_swa            = 0
llm_load_print_meta: n_embd_head_k    = 256
llm_load_print_meta: n_embd_head_v    = 256
llm_load_print_meta: n_gqa            = 2
llm_load_print_meta: n_embd_k_gqa     = 1024
llm_load_print_meta: n_embd_v_gqa     = 1024
llm_load_print_meta: f_norm_eps       = 0.0e+00
llm_load_print_meta: f_norm_rms_eps   = 1.0e-06
llm_load_print_meta: f_clamp_kqv      = 0.0e+00
llm_load_print_meta: f_max_alibi_bias = 0.0e+00
llm_load_print_meta: f_logit_scale    = 0.0e+00
llm_load_print_meta: n_ff             = 8192
llm_load_print_meta: n_expert         = 0
llm_load_print_meta: n_expert_used    = 0
llm_load_print_meta: causal attn      = 1
llm_load_print_meta: pooling type     = 0
llm_load_print_meta: rope type        = 0
llm_load_print_meta: rope scaling     = linear
llm_load_print_meta: freq_base_train  = 1000042.0
llm_load_print_meta: freq_scale_train = 1
llm_load_print_meta: n_ctx_orig_yarn  = 8192
llm_load_print_meta: rope_finetuned   = unknown
llm_load_print_meta: ssm_d_conv       = 0
llm_load_print_meta: ssm_d_inner      = 0
llm_load_print_meta: ssm_d_state      = 0
llm_load_print_meta: ssm_dt_rank      = 0
llm_load_print_meta: ssm_dt_b_c_rms   = 0
llm_load_print_meta: model type       = ?B
llm_load_print_meta: model ftype      = I2_S - 2 bpw ternary
llm_load_print_meta: model params     = 1.67 B
llm_load_print_meta: model size       = 1.26 GiB (6.50 BPW) 
llm_load_print_meta: general.name     = Falcon3-1B-Instruct-1.58bit
llm_load_print_meta: BOS token        = 11 '<|endoftext|>'
llm_load_print_meta: EOS token        = 11 '<|endoftext|>'
llm_load_print_meta: EOT token        = 11 '<|endoftext|>'
llm_load_print_meta: PAD token        = 2023 '<|pad|>'
llm_load_print_meta: LF token         = 2150 'Ä'
llm_load_print_meta: EOG token        = 11 '<|endoftext|>'
llm_load_print_meta: max token length = 256
llm_load_tensors: ggml ctx size =    0.08 MiB
llm_load_tensors:        CPU buffer size =  1294.29 MiB
.......................
llama_new_context_with_model: n_ctx      = 2048
llama_new_context_with_model: n_batch    = 2048
llama_new_context_with_model: n_ubatch   = 512
llama_new_context_with_model: flash_attn = 0
llama_new_context_with_model: freq_base  = 1000042.0
llama_new_context_with_model: freq_scale = 1
llama_kv_cache_init:        CPU KV buffer size =   144.00 MiB
llama_new_context_with_model: KV self size  =  144.00 MiB, K (f16):   72.00 MiB, V (f16):   72.00 MiB
llama_new_context_with_model:        CPU  output buffer size =     1.00 MiB
llama_new_context_with_model:        CPU compute buffer size =   260.00 MiB
llama_new_context_with_model: graph nodes  = 582
llama_new_context_with_model: graph splits = 1
common_init_from_params: warming up the model with an empty run - please wait ... (--no-warmup to disable)
srv          init: initializing slots, n_slots = 1
slot         init: id  0 | task -1 | new slot n_ctx_slot = 2048
main: model loaded
main: chat template, built_in: 1, chat_example: '<|system|>
You are a helpful assistant
<|user|>
Hello
<|assistant|>
Hi there
<|user|>
How are you?
<|assistant|>
'
main: server is listening on 127.0.0.1:8080 - starting the main loop
srv  update_slots: all slots are idle
request: GET /health 127.0.0.1 200
request: GET /health 127.0.0.1 200
request: GET /health 127.0.0.1 200
slot launch_slot_: id  0 | task 0 | processing task
slot update_slots: id  0 | task 0 | tokenizing prompt, len = 1
slot update_slots: id  0 | task 0 | prompt tokenized, n_ctx_slot = 2048, n_keep = 0, n_prompt_tokens = 37
slot update_slots: id  0 | task 0 | kv cache rm [0, end)
slot update_slots: id  0 | task 0 | prompt processing progress, n_past = 37, n_tokens = 37, progress = 1.000000
slot update_slots: id  0 | task 0 | prompt done, n_past = 37, n_tokens = 37
slot      release: id  0 | task 0 | stop processing: n_past = 39, truncated = 0
slot print_timing: id  0 | task 0 | 
prompt eval time =     279.63 ms /    37 tokens (    7.56 ms per token,   132.32 tokens per second)
       eval time =      67.68 ms /     3 tokens (   22.56 ms per token,    44.33 tokens per second)
      total time =     347.31 ms /    40 tokens
srv  update_slots: all slots are idle
request: POST /v1/chat/completions 127.0.0.1 200
slot launch_slot_: id  0 | task 4 | processing task
slot update_slots: id  0 | task 4 | tokenizing prompt, len = 1
slot update_slots: id  0 | task 4 | prompt tokenized, n_ctx_slot = 2048, n_keep = 0, n_prompt_tokens = 155
slot update_slots: id  0 | task 4 | kv cache rm [0, end)
slot update_slots: id  0 | task 4 | prompt processing progress, n_past = 155, n_tokens = 155, progress = 1.000000
slot update_slots: id  0 | task 4 | prompt done, n_past = 155, n_tokens = 155
slot      release: id  0 | task 4 | stop processing: n_past = 168, truncated = 0
slot print_timing: id  0 | task 4 | 
prompt eval time =    1175.35 ms /   155 tokens (    7.58 ms per token,   131.88 tokens per second)
       eval time =     480.61 ms /    14 tokens (   34.33 ms per token,    29.13 tokens per second)
      total time =    1655.95 ms /   169 tokens
srv  update_slots: all slots are idle
request: POST /v1/chat/completions 127.0.0.1 200
slot launch_slot_: id  0 | task 19 | processing task
slot update_slots: id  0 | task 19 | tokenizing prompt, len = 1
slot update_slots: id  0 | task 19 | prompt tokenized, n_ctx_slot = 2048, n_keep = 0, n_prompt_tokens = 358
slot update_slots: id  0 | task 19 | kv cache rm [0, end)
slot update_slots: id  0 | task 19 | prompt processing progress, n_past = 358, n_tokens = 358, progress = 1.000000
slot update_slots: id  0 | task 19 | prompt done, n_past = 358, n_tokens = 358
slot      release: id  0 | task 19 | stop processing: n_past = 378, truncated = 0
slot print_timing: id  0 | task 19 | 
prompt eval time =    2893.97 ms /   358 tokens (    8.08 ms per token,   123.71 tokens per second)
       eval time =     768.22 ms /    21 tokens (   36.58 ms per token,    27.34 tokens per second)
      total time =    3662.19 ms /   379 tokens
srv  update_slots: all slots are idle
request: POST /completion 127.0.0.1 200
slot launch_slot_: id  0 | task 41 | processing task
slot update_slots: id  0 | task 41 | tokenizing prompt, len = 1
slot update_slots: id  0 | task 41 | prompt tokenized, n_ctx_slot = 2048, n_keep = 0, n_prompt_tokens = 151
slot update_slots: id  0 | task 41 | kv cache rm [0, end)
slot update_slots: id  0 | task 41 | prompt processing progress, n_past = 151, n_tokens = 151, progress = 1.000000
slot update_slots: id  0 | task 41 | prompt done, n_past = 151, n_tokens = 151
slot      release: id  0 | task 41 | stop processing: n_past = 170, truncated = 0
slot print_timing: id  0 | task 41 | 
prompt eval time =    1102.47 ms /   151 tokens (    7.30 ms per token,   136.97 tokens per second)
       eval time =     675.16 ms /    20 tokens (   33.76 ms per token,    29.62 tokens per second)
      total time =    1777.63 ms /   171 tokens
srv  update_slots: all slots are idle
request: POST /v1/chat/completions 127.0.0.1 200
slot launch_slot_: id  0 | task 62 | processing task
slot update_slots: id  0 | task 62 | tokenizing prompt, len = 1
slot update_slots: id  0 | task 62 | prompt tokenized, n_ctx_slot = 2048, n_keep = 0, n_prompt_tokens = 350
slot update_slots: id  0 | task 62 | kv cache rm [0, end)
slot update_slots: id  0 | task 62 | prompt processing progress, n_past = 350, n_tokens = 350, progress = 1.000000
slot update_slots: id  0 | task 62 | prompt done, n_past = 350, n_tokens = 350
slot      release: id  0 | task 62 | stop processing: n_past = 390, truncated = 0
slot print_timing: id  0 | task 62 | 
prompt eval time =    2665.92 ms /   350 tokens (    7.62 ms per token,   131.29 tokens per second)
       eval time =    1502.02 ms /    41 tokens (   36.63 ms per token,    27.30 tokens per second)
      total time =    4167.93 ms /   391 tokens
srv  update_slots: all slots are idle
request: POST /completion 127.0.0.1 200
